,id,detail_info,extra_info,operating_hours,fee,indoor_outdoor,purpose,amenities,difficulty,estimated_time
0,1,09:00~17:00 (17:00 까지 퇴장) / 우천 및 폭설 시 통행 제한 있을 수 있으므로 방문 전 유선 확인 필요,,,,,,화장실,,
1,2,"우도 외부차량(렌터카, 전세버스) 반입 제한(2022년 7월 31일까지). 단, 1~3급 장애인과 만 65세 이상 노약자, 임산부, 만 6세 미만의 영유아를 동반하는 경우와 우도에 숙박하는 관광객이 탄 렌터카는 반입 가능",UNESCO 세계지질공원,"평일 : 00:00 ~ 00:00 , 주말 : 00:00 ~ 00:00","유료,일반 입장료 : 1.000원 / 장애인 무료 (선박료 별도)",실내+실외,"체험,포토스팟,기타,등산,물놀이, 우도 관광","공용주차장,화장실,편의점,음료대",상,1~2시간
2,3,"이용시간 : 07:00~19:00(매표마감 17:50) / 매월 첫번째 월요일 휴관(단, 등하산교차로, 우뭇개 전망대, 우뭇개 해안은 무료개방)","UNESCO 세계자연유산,UNESCO 세계지질공원","평일 : 07:00 ~ 19:00 , 주말 : 07:00 ~ 19:00","유료,개인 (성인 5,000원 / 청소년, 군인 2,500원 / 어린이 2,500원), 단체 (성인 4,000원 / 청소년, 군인 2,000원 / 어린이 2,000원)",실외,"등산, 산책로. 올레코스. 오름","공용주차장,현금결제,카드결제,화장실,무료 WIFI,편의점,음료대,유도 및 안내시설,경보 및 피난시설,임산부 휴게시설",상,1시간 미만
3,4,"이용시간 : 09:00~18:00(입장마감:17:00), 연중무휴, 애완동물 또는 음식물 일체 반입 금지",,"평일 : 09:00 ~ 18:00 , 주말 : 09:00 ~ 18:00","유료,입장료 (일반 : 3.000원, 어린이.청소년 : 1,500원) / 장애인 할인 입장료 : 무료",실외,"기타, 산책로","공용주차장,현금결제,카드결제,화장실,무료 WIFI",중,1시간 미만
4,5,"9:00 ~ 22:00 (입장 마감 21:20) '18년 7월부터 시행, 애완동물 출입불가",UNESCO 세계지질공원,"평일 : 09:00 ~ 22:00 , 주말 : 09:00 ~ 22:00","유료,성인 2.000원 / 어린이,청소년 1.000원 / 장애인 무료",실외,,"공용주차장,현금결제,카드결제,화장실,음료대,유도 및 안내시설,경보 및 피난시설",중,1시간 미만
5,6,"매월 첫째주 수요일 휴무, 17:00 입장마감",UNESCO 세계지질공원,"평일 : 09:00 ~ 18:00 , 주말 : 09:00 ~ 18:00","유료,입장료 일반 4,000원, 청소년.어린이 2,000원, 경로자.장애인 무료.",,,"공용주차장,현금결제,카드결제,화장실,무료 WIFI,편의점,음료대",,
6,7,연중무휴(산불예방 입산통제기간 없음),,,무료,실외,,"공용주차장,화장실,유도 및 안내시설",,1시간 미만
7,8,협재 종합상황실: 064-728-3981(해수욕장 개장기간 동안 운영),,,무료,실외,물놀이,"공용주차장,화장실,편의점,음료대,유도 및 안내시설,경보 및 피난시설",,1~2시간
8,9,연중무휴,,"평일 : 00:00 ~ 00:00 , 주말 : 00:00 ~ 00:00","무료,입장료 무료 / 주차비: 유료 (장애인 :500원)",실외,"등산,기타, 산책로","공용주차장,현금결제,카드결제,화장실,편의점,음료대",상,1시간 미만
9,10,"동절기(12월~2월) 08:30~17:00 / 하절기(6월~8월) 08:30~18:00 / 간절기(3월~5월, 9월~11월) 08:30~17:30",,"평일 : 09:00 ~ 18:30 , 주말 : 09:00 ~ 18:30","유료,성인 개인 9,000, 성인 단체 7,000, 청소년 개인 7,000, 청소년 단체 6,000, 어린이 개인 6,000, 어린이 단체 5,000, 노인 개인 7,000, 노인 단체 6,000",실외,"공연/전시,포토스팟","공용주차장,현금결제,카드결제,화장실",중,2~3시간
10,11,"매주 화요일 휴무 / 전화예약 및 인터넷 예약은 탐방 희망 전 달 1일부터 선착순으로 이뤄지고, 당일 예약은 불가","UNESCO 세계자연유산,UNESCO 세계지질공원","평일 : 09:00 ~ 13:00 , 주말 : 09:00 ~ 13:00","유료,입장료 : 성인 2,000원, 청소년.어린이 1,000원, 경로인.장애인 무료",,,"공용주차장,현금결제,카드결제,화장실,무료 WIFI,편의점,음료대,유도 및 안내시설",,
11,12,함덕 종합상황실: 064-728-3989 (해수욕장 개장기간 변동.),,,무료,실외,,"공용주차장,화장실,편의점,음료대,유도 및 안내시설,경보 및 피난시설",,1~2시간
12,13,해수욕장 개장기간에만 종합상황실 운영 064-728-3906~7,,,,,,"공용주차장,화장실,편의점,음료대,유도 및 안내시설",,
13,14,계절과 기후변화에 따른 입산 통제구간은 홈페이지 참고,"UNESCO 생물권보전지역,UNESCO 세계자연유산,UNESCO 세계지질공원",,"무료,주차료 있음",,,"공용주차장,화장실,편의점,음료대",,
14,15,"하절기 : 9시~18시, 동절기 : 9시~17시",UNESCO 생물권보전지역,,"무료,(승선체험료만 유료) 태우 : 성인 8,000원, 소인 5,000원 /전통조각배 : 성인 2인 이하 20,000원, 성인2인+소인1인: 25,000원",실외,체험,"공용주차장,화장실,편의점,음료대,유도 및 안내시설",,
15,16,"연중무휴, 이용시간 9시~18시",,"평일 : 09:00 ~ 18:00 , 주말 : 09:00 ~ 18:00","유료,성인 2.000원 / 어린이, 청소년 1.000원 / 경로인,장애인 무료",실외,"공연/전시,기타, 전망 관람","공용주차장,현금결제,카드결제,편의점,음료대,유도 및 안내시설,경보 및 피난시설",중,1시간 미만
16,17,"연중무휴/이용시간은 일출·일몰시간에 따라 변경될 수 있음, 애완동물 출입불가",,"평일 : 09:00 ~ 18:00 , 주말 : 09:00 ~ 18:00","유료,어른 2.000원 / 청소년 1.000원 / 장애인 경로인 경우 무료",실외,"포토스팟,기타, 전망 관람","공용주차장,현금결제,카드결제,화장실,편의점,음료대,유도 및 안내시설,경보 및 피난시설",상,1시간 미만
17,18,기차 승차 시간 : 계절별 변동사항이 많아 홈페이지 확인 필요,,,"유료,성인 14.000원 / 청소년 12.000원 / 어린이 10.000원 / 경로, 장애인 외 10.000원",실외,"체험,포토스팟,공연/전시,기타","공용주차장,현금결제,카드결제,화장실,무료 WIFI,편의점,음료대,유도 및 안내시설,경보 및 피난시설,임산부 휴게시설",상,1~2시간
18,19,,,,,,,,,
19,20,"폐장시간은 일몰시간에 따라 변경될수 있음, 애완동물 출입불가, 17:20(입장마감",,"평일 : 09:00 ~ 17:20 , 주말 : 09:00 ~ 17:20","유료,입장료 일반 2,500원, 청소년.어린이 1,350원, 경로자.장애인 무료.",실외,,"공용주차장,현금결제,카드결제,화장실",,
20,21,3월-10월 개장 09:00 매표마감 18:00 / 11월-2월 개장 09:00 매표마감 : 17:00 / 관람시간: 40분 / 연중무휴,우수관광사업체,"평일 : 09:00 ~ 18:00 , 주말 : 09:00 ~ 18:00","유료,성인 : 6,000원, 청소년/어린이(만4세이상) : 3,000원, 경로/도민/국가유공자/장애인 : 4,000원",실외,"등산, 산책로, 등산로","공용주차장,현금결제,카드결제,화장실,편의점,음료대",상,1~2시간
21,22,"연중무류,*하절기 4월중순~10월중 09:00~19:00, *하절기 기간 매년 변동",,"평일 : 09:00 ~ 19:00 , 주말 : 09:00 ~ 19:00",무료,실외,포토스팟,"공용주차장,현금결제,카드결제,화장실,무료 WIFI,편의점,음료대,유도 및 안내시설,경보 및 피난시설,엘리베이터",중,1시간 미만
22,23,,,,,,,,,
23,24,"연중무휴/이용시간은 일출·일몰시간에 따라 변경될 수 있음(만조 및 기상악화 시 통제) 관람당일 입장통제 시간 미리 확인필요(064-794-2940), 애완동물 출입불가 /인스타그램에 실시간으로 용머리해안 관람안내 6sot_official",UNESCO 세계지질공원,"평일 : 09:00 ~ 17:00 , 주말 : 09:00 ~ 17:00","유료,입장료 (성인: 2,000원, 어린이.청소년 : 1,000원) / 노인.장애인 할인 입장료 : 무료",,,"공용주차장,화장실,유도 및 안내시설",,
24,25,해수욕장 개장 기간 상이. 김녕 종합상황실 문의: 064-728-3987~8,,,,,,"공용주차장,화장실,흡연구역,편의점,음료대,유도 및 안내시설",,
25,26,현재 휴무 : 2021년 2월1일~2023년 2월1일 자연휴식제 (전면출입통제 추진 예정임),,,,,,,,
26,27,기상 상황에 따라 입산 통제될 수 있으니 확인 필요.,,,"무료,주차비 유료.",실외,,,,3시간 이상
27,28,"매표 개시~ 매표 마감: (3월~8월) 9시~17시, (9월~10월) 9시~17시30분, (11월~2월) 9시~16시30분",우수관광사업체,,"유료,입장료 일반 12,000원 청소년 8,000원 어린이 7,000원, 경로자,장애인 10,000원",실내+실외,"포토스팟,기타","공용주차장,현금결제,카드결제,화장실,무료 WIFI,흡연구역,편의점,음료대,유도 및 안내시설",하,1~2시간
28,29,"연중무휴(09:30~19:00), 매표마감 : 18:00, 입장마감 : 18:30",우수관광사업체,"평일 : 09:30 ~ 19:00 , 주말 : 09:30 ~ 19:00","유료,종합권 : 성인 40,700원, 경로 / 청소년 38,900원, 어린이 36,900원 // 미구엘 슈발리에 전시권 : 성인 17,000원 / 경로,청소년,어린이 13,000원",실내,공연/전시,"공용주차장,현금결제,카드결제,화장실,무료 WIFI,편의점,음료대,유도 및 안내시설,경보 및 피난시설,엘리베이터",하,2~3시간
29,30,매표마감(17:00시) 공원 사정과 계절마다 변경 (홈페이지 및 전화로 문의),우수관광사업체,"평일 : 09:00 ~ 18:00 , 주말 : 09:00 ~ 18:00","유료,성인 (대학생이상) : 11,000원, 청소년(중고생) : 9,000원, 어린이(36개월 ~ 초등학생) : 8,000원, 장애인(1-6급) : 5,000원",실내+실외,공연/전시,"공용주차장,현금결제,카드결제,화장실,무료 WIFI,흡연구역,편의점,음료대,유도 및 안내시설,경보 및 피난시설,임산부 휴게시설",하,2~3시간
30,31,해수욕장 개장일 상이. (곽지 종합상황실: 064-728-3985~6),,,,,,"공용주차장,화장실,편의점,음료대,유도 및 안내시설",,
31,32,"입장시간 : (3월-10월) 07시~18시 , (11월-2월) 07시~17시 /연중무휴",,,"유료,성인 1,000원, 청소년 600원, 어린이300원, 장애인.만65세이상 입장료 무료",실외,"기타, 산책로, 휴양림","공용주차장,현금결제,카드결제,화장실,무료 WIFI,유도 및 안내시설,경보 및 피난시설",상,1~2시간
32,33,이용시간 : 09:00 ~ 20:30(입장마감),,"평일 : 09:00 ~ 20:30 , 주말 : 09:00 ~ 20:30","유료,실탄사격 12발 35,000원, 시물레이션 사격 10,000원, BB탄사격 15,000원",,,"공용주차장,현금결제,카드결제,화장실,무료 WIFI,음료대,유도 및 안내시설,경보 및 피난시설,엘리베이터",,
33,34,해수욕장 개장 시간 상이. (금능 종합상황실: 064-728-3983),,,,,,"공용주차장,화장실,편의점,음료대,유도 및 안내시설",,
34,35,연중무휴,UNESCO 세계지질공원,"평일 : 08:30 ~ 18:00 , 주말 : 08:30 ~ 18:00",,,,"공용주차장,현금결제,카드결제,화장실,편의점,음료대,유도 및 안내시설",,
35,36,매월 세번째 수요일 정기휴장 (※ 호텔사정에 따라 휴장일이 달라질 수 있습니다.),,"평일 : 09:00 ~ 21:00 , 주말 : 09:00 ~ 21:00","유료,온천 이용객은 수영장 이용 무료",,,공용주차장,,
36,37,,,"평일 : 00:00 ~ 00:00 , 주말 : 00:00 ~ 00:00","무료,주차요금 별도",실외,"기타,포토스팟, 전망 관람","공용주차장,화장실,음료대",상,1시간 미만
37,38,"찜질방 06:00~22:00, 실내온천 06:00~23:00, 노천탕 및 수영장 11:00~22:00 (수영장 현재 공사중으로 이용 불가능)",,"평일 : 06:00 ~ 23:00 , 주말 : 06:00 ~ 23:00","N/A,대인 12,000원, 소인 5,000원 (찜질방 2,000원, 노천탕 5,000원 추가)",,,,,
38,39,,,,,,"포토스팟, 산책",,,
39,40,연중무휴.,,"평일 : 09:00 ~ 18:00 , 주말 : 09:00 ~ 18:00","유료,입장료 성인.중고생 4,000원, 경로.초등 2,000원",,,"공용주차장,무료 WIFI",,
40,41,"연중무휴 / 입장마감 : 하절기(4월~9월) 17:30, 동절기(10월~3월) 16:30 / 감귤체험 이용시 17:00까지 입장해야 체험가능",우수관광사업체,"평일 : 09:00 ~ 18:00 , 주말 : 09:00 ~ 18:00","유료,성인 개인 13,000, 성인 단체 11,000, 청소년 개인 11,000, 청소년 단체 9,000, 어린이 개인 10,000, 어린이 단체 8,000, 노인 개인 6,500, 노인 단체 6,500",실내+실외,"체험,공연/전시,포토스팟","공용주차장,현금결제,카드결제,화장실,무료 WIFI,편의점,음료대,유도 및 안내시설,경보 및 피난시설,임산부 휴게시설",하,1~2시간
41,42,기본 운영 시간 9시-17:00(17:50 폐장) 계절에 따라 마감 시간이 다르니 전화 문의 바랍니다.,우수관광사업체,,"유료,입장료 일반 6,600원, 청소년 5,500원, 어린이 4,400원, 경로자,경증장애인 5,500원, 중증장애인 무료.",실외,"포토스팟,기타, 산책로","공용주차장,현금결제,카드결제,화장실,무료 WIFI,흡연구역,편의점,음료대",하,1시간 미만
42,43,* 매주 화요일/명절 휴무(체험별 이용시간 상이),,"평일 : 10:00 ~ 17:00 , 주말 : 10:00 ~ 17:00",,,,,,
43,44,기상 상황 확인 및 입산 가능 확인 필수.,,,,,,,,
44,45,,,,,,,"공용주차장,화장실,편의점,음료대,유도 및 안내시설",,
45,46,,,"평일 : 09:00 ~ 19:00 , 주말 : 09:00 ~ 19:00","유료,입장료 5,000원 (농수산물 쿠폰으로 3,000원어치 사용 가능)",,,,,
46,47,연중무휴,,,,,,"현금결제,카드결제,화장실,무료 WIFI,흡연구역,편의점",,
47,48,"소요시간: 탐방 왕복 약30~40분 (정상둘레길 탐방시 약 30분 추가), 화장실과 탐방안내소 없음",,,,,,,,
48,49,"연중무휴,일몰 전 이용 권장",,,,,,"공용주차장,화장실",,1시간 미만
49,50,동절기 09:00 ~ 17:00/ 하절기 09:00 ~ 17:30,우수관광사업체,"평일 : 09:00 ~ 17:30 , 주말 : 09:00 ~ 17:30","유료,입장료: 2인승 30,000원, 3인승 40,000원, 4인승 48,000원 (홈페이지 예약 3,000원 할인), 장애인할인 30%",실외,체험,"공용주차장,현금결제,카드결제,화장실,편의점",상,1시간 미만
50,51,"하절기(4~10월) 08:00~16:00, 동절기(11~3월) 09:00~16:00",,"평일 : 08:00 ~ 16:00 , 주말 : 08:00 ~ 16:00","유료,어른 1,000원, 청소년 600원, 유아.장애인, 무료",실외,"기타, 숲길 , 산책로","공용주차장,화장실",상,
51,52,,,,,,,공용주차장,,
52,53,,,,,,,"화장실,편의점",,
53,54,"월,화 휴뮤/ 동절기(12월~3월) 평일은 휴장",,"평일 : 09:30 ~ 18:00 , 주말 : 09:30 ~ 18:00","유료,금,토,일 : 일반 및 장애인 2.000원 / 수,목 : 무료",실외,"체험,기타,공연/전시","공용주차장,현금결제,카드결제,화장실,흡연구역,유도 및 안내시설,경보 및 피난시설",하,1시간 미만
54,55,,,,,,,,,
55,56,요금입장료 무료 / 주차가능대수: 152대 / 샤워실 탈의실 화장실 급수대 매점 야영장,,,,,,"공용주차장,화장실,편의점,음료대,유도 및 안내시설,경보 및 피난시설",,
56,57,"매월 첫째, 셋째 월요일 휴관 / 입장 마감 16:30 / 야외공원 24시 개방",,"평일 : 09:00 ~ 17:30 , 주말 : 09:00 ~ 17:30",무료,실내+실외,,"공용주차장,화장실,무료 WIFI,음료대,유도 및 안내시설,경보 및 피난시설,임산부 휴게시설,엘리베이터",,
57,58,연중무휴,,"평일 : 00:00 ~ 00:00 , 주말 : 00:00 ~ 00:00",무료,실외,"공연/전시,포토스팟","공용주차장,화장실,무료 WIFI,편의점,경보 및 피난시설",하,1~2시간
58,59,,,,,실외,", 드라이브, 사이클, 산책","공용주차장,화장실,편의점,음료대,유도 및 안내시설",,
59,60,"연중무휴/이용시간은 일출·일몰시간에 따라 변경될 수 있음, 애완동물 출입불가",,,"N/A,산방굴사 입장료 유료( 어른 1.000원, 청소년.어린이 500원 , 장애인 경로인 무료)",,,공용주차장,,
60,61,,,,,,,,,
61,62,"* 이용시간: 연중무휴 9:00~19:00 , (7월~10월)/ 09:00~18:00입장마감",,"평일 : 09:00 ~ 19:00 , 주말 : 09:00 ~ 19:00","유료,입장료: 성인 14,000원, 청소년 13,000원, 어린이 12,000원, 경로인.장애인 12,000원",실내,"공연/전시,포토스팟","공용주차장,현금결제,카드결제,화장실,무료 WIFI,흡연구역,편의점,음료대,유도 및 안내시설,경보 및 피난시설,임산부 휴게시설",하,1~2시간
62,63,계절과 기상에 따라 다르므로 064-784-8800,,"평일 : 09:00 ~ , 주말 : 09:00 ~","유료,카트 25,000원, 산악버기 65,000원, 짚라인 24,000원, 서바이벌 38,000원, 사계절썰매 15,000원",,,"공용주차장,현금결제,카드결제,화장실",,
63,64,,,,,,,,,
64,65,,,"평일 : 00:00 ~ 00:00 , 주말 : 00:00 ~ 00:00",무료,실외,등산,"공용주차장,화장실,편의점,음료대,유도 및 안내시설",상,1~2시간
65,66,8시 30분~일몰1시간전,우수관광사업체,"평일 : 09:00 ~ 18:00 , 주말 : 09:00 ~ 18:00","유료,성인 12,000원, 청소년 9,000원, 어린이 7,000원, 우대할인 9,000원",실외,"공연/전시,기타","공용주차장,현금결제,카드결제,화장실,편의점,음료대,유도 및 안내시설,경보 및 피난시설",하,1~2시간
66,67,"* 2022년부터 사전예약제로 변경 (방문전 네이버 및 유선예약 必),잔여인원이 있을경우 현장발권가능 동절기(12월~2월) 마지막 해설 16시 / 매시간 정각 숲해설 진행(17시 마지막 해설)/ 일요일은 13시 오픈 시작",,"평일 : 09:00 ~ 18:00 , 주말 : 13:00 ~ 18:00","유료,입장료 : 성인 5,000원, 청소년 4,000원, 어린이 4,000원, 경로인 5,000원, 장애인 5,000원",,,"공용주차장,현금결제,카드결제,화장실,흡연구역,유도 및 안내시설,경보 및 피난시설",,
67,68,,"UNESCO 세계지질공원,지오브랜드",,,,,"화장실,편의점",,
68,69,연중무휴,,"평일 : 10:00 ~ 18:00 , 주말 : 10:00 ~ 18:00",,,,"현금결제,카드결제,화장실",,
69,70,11월 이후 겨울 시즌 동안만 영업. 영업 날짜 및 시간 유선 확인 필요.,,"평일 : 09:30 ~ 17:00 , 주말 : 09:30 ~ 17:00","유료,입장료 : 성인.청소년 5,000원, 어린이 4,000원",,,공용주차장,,
70,71,연중무휴/5kg미만 애완동물 입장 가능 (식당 및 매장 출입금지)/ 마감 1시간 전까지 입장 가능.,,"평일 : 09:00 ~ 18:00 , 주말 : 09:00 ~ 18:00","유료,성인 12,000원, 청소년.경로인 10,000원 경로.어린이 7,000원 장애인 단체 요금 적용.",실외,포토스팟,"공용주차장,현금결제,카드결제,화장실,무료 WIFI,편의점,음료대,유도 및 안내시설,경보 및 피난시설",하,1~2시간
71,72,.,,,,실외,등산,,,
72,73,"해설 프로그램 운영 (10:00~14:00 당일 예약 불가), 동절기(11~3월)16:00 입장마감 / 하절기(4~10월)17:00 입장마감 (일몰시간에 따라 변동 될 수 있음)",,"평일 : 09:00 ~ 18:00 , 주말 : 09:00 ~ 18:00",,,,"공용주차장,화장실,음료대,유도 및 안내시설",,
73,74,연중 무휴/ 운영시간(홈페이지 참조) 10월~2월 - 08:30~17:00 / 3월 - 08:30~17:30 / 4월~7/15 - 08:30~18:00 / 7/16~8/15 - 08:30~18:30 / 8/16~9/30 - 08:30~18:00,우수관광사업체,"평일 : 08:30 ~ 17:00 , 주말 : 08:30 ~ 17:00","유료,장애인 할인 입장료 : 7.700원",실외,포토스팟,"공용주차장,현금결제,카드결제,화장실,편의점,음료대,경보 및 피난시설,임산부 휴게시설",하,1~2시간
74,75,"운영시간 : 실내 9시~17시(토요일9시~13시), 실외 9시~18시",,"평일 : 09:00 ~ 17:00 , 주말 : 09:00 ~ 17:00",무료,실내+실외,"포토스팟, 종교시설, 건축물","공용주차장,유도 및 안내시설,경보 및 피난시설",,
75,76,"이용시간 : 시간 제한없으나 조명 점등시간 있음 * 새연교 점등시간: 하절기, 동절기 관계없이 일몰 후~23:30, * 새섬 이용시간: 일출~22:00 (별도 입장마감 시간없으나, 보안등 22:00 소등)",,,,,,"공용주차장,화장실,편의점,음료대,유도 및 안내시설",,
76,77,,,,,,,,,
77,78,연중 무휴 / 18:00 매표마감/체험이용시간 09:00~17:30,우수관광사업체,"평일 : 09:00 ~ 19:00 , 주말 : 09:00 ~ 19:00","유료,성인 11,000원, 장애인,경로,청소년 9,000원",실내+실외,"포토스팟,기타,공연/전시","공용주차장,현금결제,카드결제,화장실,무료 WIFI,흡연구역,편의점,음료대,유도 및 안내시설,경보 및 피난시설",하,1~2시간
78,79,"연중무휴,공사중으로 출입 전면 통제 중, 2023년 공사 완료 예정",,,,,,"공용주차장,화장실,유도 및 안내시설",,
79,80,연중무휴/ 매표 마감 21:30,,"평일 : 09:00 ~ 22:00 , 주말 : 09:00 ~ 22:00","유료,입장료 성인 12,000원 경로인.장애인 10,000원 (현재 내부 공사로 일반 입장료 9,500원)",실내+실외,공연/전시,"공용주차장,현금결제,카드결제,화장실,무료 WIFI,흡연구역,편의점,음료대,유도 및 안내시설,경보 및 피난시설,임산부 휴게시설",중,1~2시간
80,81,연중무휴/ 동절기 운영 시간 08:30~04:30,,"평일 : 08:00 ~ 17:00 , 주말 : 08:00 ~ 17:00","유료,성인 1.000원, 청소년 군인 600원",실외,"등산, 등산로, 산책로","공용주차장,현금결제,카드결제,화장실,무료 WIFI,편의점,음료대,유도 및 안내시설,경보 및 피난시설",상,1~2시간
81,82,"휴일 : 매주 월요일, 1월1일, 설날 및 추석 당일, 전시물 교체/기상악화 등 / 해설(약 1시간~1시간30분) : 10:00~16:00 *홈페이지 or 유선 사전예약 우선(12시~13시 점심시간 미운영)",,"평일 : 09:00 ~ 18:00 , 주말 : 09:00 ~ 18:00","유료,입장료 : 성인 5,000원, 청소년 3,500원, 어린이.경로인.장애인 무료",실내+실외,"기타,포토스팟,공연/전시","공용주차장,현금결제,카드결제,화장실,편의점,음료대,임산부 휴게시설",중,2~3시간
82,83,"입장마감 17:00 , 날씨 등의 영향으로 폐장시간 변동가능.",,"평일 : 09:00 ~ 18:00 , 주말 : 09:00 ~ 18:00","유료,입장료 : 성인 13,000원, 청소년 11,000원, 어린이 10,000원, 경로인.장애인 11,000원",실내+실외,,"공용주차장,현금결제,카드결제,화장실,무료 WIFI,흡연구역,음료대,유도 및 안내시설,경보 및 피난시설",하,1~2시간
83,84,"연중무휴, 09:00~22:00 (매표마감 21:00), 허브체험 족욕프로그램 정시마다 진행(마지막 체험 18:00), 비누체험과 아로마 테라피체험 운영중단",우수관광사업체,"평일 : 09:00 ~ 22:00 , 주말 : 09:00 ~ 22:00","유료,성인 12,000원, 청소년 10,000원, 어린이 9,000원, 경로인.장애인 10,000원 /족욕 12,000원, 비누체험 12,000원, 아로마테라피무료",실내+실외,포토스팟,"공용주차장,현금결제,카드결제,화장실,무료 WIFI,편의점,음료대,유도 및 안내시설,경보 및 피난시설",중,1~2시간
84,85,전용주차장 주차 필수,,"평일 : 09:00 ~ 18:00 , 주말 : ~","유료,입장료 2,000원",,,,,
85,86,"개장시간 : 하절기 09:00∼18:00, 동절기 09:00∼17:00 / 설날,추석 당일 휴관",,"평일 : 09:00 ~ 18:00 , 주말 : 09:00 ~ 18:00","무료,주차료 부과(기본 2시간까지) 경형 500원, 소형,중 ·대형 1,000원, 승합 ·화물(16인승 이상, 1톤 초과) 4,000원 ※ 최초 10분 무료",실외,"등산, 산책로","공용주차장,화장실,무료 WIFI,음료대,유도 및 안내시설,경보 및 피난시설,엘리베이터",중,2~3시간
86,87,"1월1일, 설날, 추석 /7월~9월 영업시간 09:00~19:00",,"평일 : 09:00 ~ 18:00 , 주말 : 09:00 ~ 18:00","유료,25세~64세이하 1,500원, 13세~24세이하 1,000원, 7세~12세이하 800원, 경로인 무료",실내+실외,"공연/전시,체험","공용주차장,현금결제,카드결제,화장실,무료 WIFI,편의점,음료대,유도 및 안내시설,경보 및 피난시설",하,1~2시간
87,88,연중무휴 / 해상풍랑경보이상 발효시 휴무,우수관광사업체,"평일 : 07:20 ~ 18:40 , 주말 : 07:45 ~ 18:50","유료,대인 65,000원(만 14세 이상), 소인 44,000원 /도립해양공원이용료 성인 1,000원, 청소년 800원, 초등생 500원",,,"공용주차장,현금결제,카드결제,화장실,무료 WIFI,흡연구역,음료대,유도 및 안내시설,경보 및 피난시설",,
88,89,,,,"유료,승선왕복요금(해상공원입장료포험) 성인 14,100원 청소년 13,900원, 소인 7,100원, 경로인 10,500원, 장애인 6,600원",,,,,
89,90,,,"평일 : 00:00 ~ 00:00 , 주말 : 00:00 ~ 00:00",무료,실외,"등산,기타, 올레코스 . 해설 : 평일 09:00~16:30","공용주차장,화장실",상,1시간 미만
90,91,화요일 휴무/ 수목금토 13:00~17:00/ (10월~3월) 감귤 체험 가능,,"평일 : 10:00 ~ 18:00 , 주말 : 10:00 ~ 18:00","N/A,체험비용 7,000원 (1kg 포함, 시식 무제한)",,,,,
91,92,,,,,,,,,
92,93,,,,,,,공용주차장,,
93,94,연중무휴/ 기상에 따라 벼편 운행이 없을 수 있습니다. 전화로 문의 부탁 드립니다.,UNESCO 세계지질공원,"평일 : 09:20 ~ 15:36 , 주말 : ~","유료,승선왕복요금 대인 9,000원 소인(만11세이하) 5,000원 장애인 4,500원",,,"공용주차장,현금결제,카드결제,화장실,편의점,음료대,유도 및 안내시설",,1~2시간
94,95,연중무휴,,"평일 : 09:00 ~ 18:00 , 주말 : 09:00 ~ 18:00",,,,,,
95,96,평일 18시 이후/토요일 13시 이후/공휴일 9시 이후,,"평일 : 18:00 ~ , 주말 : 09:00 ~",,,,화장실,,
96,97,,,,,,,,,
97,98,,,,,,,,,
98,99,"연중 무휴 이용시간 하절기 : 10:00 ~ 18:00 , 동절기 : 09:30 ~ 17:30/ 조브 키 130cm 이상, 빅조브 키 150cm이상 이용가능",,"평일 : 09:30 ~ 18:30 , 주말 : 09:30 ~ 18:30","유료,일반 35,000원, 조브 30,000원, 빅조브 35,000원,",,,"공용주차장,현금결제,카드결제,화장실,무료 WIFI,음료대,유도 및 안내시설,경보 및 피난시설",,
99,100,09:00~일몰 30분전까지 / 체험시간 = 30분,,,,,,,,
100,101,"입장마감 오후 5시 / 휴관일 : 매월 세번째 월요일 (단, 해당 월요일이 공휴일인 경우 공휴일 다음의 첫 번째 평일), 전시해설 (한국어) 사전예약 불가, 현장 신청 (회당 30인까지 신청 가능) / (외국어) 영어,중국어,일본어 / 방문 3일전까지 사전 전화예약 필수",우수관광사업체,"평일 : 09:00 ~ 18:00 , 주말 : 09:00 ~ 18:00","유료,성인 10,000원, 청소년 9,000원, 어린이.경로인 8,000원 중증장애인무료.",실내+실외,공연/전시,,,1~2시간
101,102,연중무휴,,"평일 : 09:00 ~ 18:00 , 주말 : 09:00 ~ 18:00",,,,"공용주차장,화장실,유도 및 안내시설",,
102,103,,,,,,,"공용주차장,화장실,음료대",,
103,104,,,"평일 : 10:00 ~ 20:00 , 주말 : 10:00 ~ 20:00","유료,자유 이용권 : 30,000원, 싱글 라이드 : 6,000원, 빅3 : 17,000원",실내+실외,기타,"카드결제,화장실,공용주차장,흡연구역,편의점,음료대,유도 및 안내시설,경보 및 피난시설,현금결제",중,2~3시간
104,105,,,"평일 : 08:30 ~ 19:00 , 주말 : 08:30 ~ 19:00",,,,,,
105,106,연중무휴 / 일몰 1시간 전까지 입장가능/(17:30 매표마감),우수관광사업체,"평일 : 09:00 ~ 18:00 , 주말 : 09:00 ~ 18:00","유료,성인 9,000원, 청소년 6,000원, 어린이 5,000원, 경로 8,000원 장애인은 단체 요금 적용",실외,포토스팟,"공용주차장,현금결제,카드결제,화장실,무료 WIFI,편의점,음료대,유도 및 안내시설,경보 및 피난시설",중,1~2시간
106,107,,,,,,"물놀이, 트레킹",공용주차장,,
107,108,연중 무휴,우수관광사업체,"평일 : 10:00 ~ 18:00 , 주말 : 10:00 ~ 18:00","유료, 성인 20,000원, 청소년 12,000원, 어린이 10,000원, 경로인 12,000원, 장애인 9,000원",,,,,
108,109,"매주 월요일,화요일 및 임시 지정 휴무일",,"평일 : 09:00 ~ 18:00 , 주말 : 09:00 ~ 18:00","무료,트랙터마차 유료 운영 (13세 이상 3,000원 13세 이하 2,000원)",,,"공용주차장,화장실,무료 WIFI,음료대,유도 및 안내시설,경보 및 피난시설",,
109,110,연중무휴/ 하절기 운영시간 상이./ 매표마감(17:00까지),우수관광사업체,"평일 : 09:00 ~ 18:00 , 주말 : 09:00 ~ 18:00","유료,성인 개인 14,000, 청소년 13,000, 어린이 개인 11,000, 경로인 10,000, 장애인 10,000",,,"공용주차장,현금결제,카드결제,화장실,흡연구역,편의점,음료대,유도 및 안내시설,경보 및 피난시설,임산부 휴게시설,엘리베이터",,
110,111,"09:00~18:00(매표마감 17:00) *매주 월요일, 1월1일/설날/추석당일 휴무",UNESCOR 인류무형문화유산,"평일 : 09:00 ~ 18:00 , 주말 : 09:00 ~ 18:00","유료,성인(25~64세) 1,100원/ 청소년(13~24세) 500원/ 어린이, 경로인, 장애인 무료",실내,공연/전시,"공용주차장,현금결제,카드결제,화장실,무료 WIFI,음료대,유도 및 안내시설,경보 및 피난시설,임산부 휴게시설,엘리베이터",하,1~2시간
111,112,"연중무휴(옥외정원은 일몰시까지 관람 가능) 단, 입장권은 폐장 30분전까지만 판매",,"평일 : 09:00 ~ 18:00 , 주말 : 09:00 ~ 18:00","유료,입장료 : 성인 10,000원, 청소년 7,000원, 어린이 6,000원, 경로인 8,000원, 장애인 7,000원",실내,"공연/전시,포토스팟","공용주차장,현금결제,카드결제,화장실,편의점,음료대,유도 및 안내시설,경보 및 피난시설,임산부 휴게시설",중,2~3시간
112,113,연중무휴 / 입장 마감 : 17:30,,"평일 : 10:00 ~ 18:00 , 주말 : 10:00 ~ 18:00","유료,성인, 청소년, 아동 16,000원",,,,,
113,114,패키지 요금제 (입장+곤돌라+박물관) 있음./ 만 70세 이상 경로 요금 적용./ 입장마감 17:00시,,"평일 : 09:00 ~ 18:00 , 주말 : 09:00 ~ 18:00","유료,입장료 (성인12,000원, 청소년 10,000원, 어린이 8,000원 )",실내+실외,"체험,공연/전시,포토스팟","공용주차장,현금결제,카드결제,화장실,흡연구역,편의점,음료대,유도 및 안내시설,경보 및 피난시설",상,1시간 미만
114,115,"둘째, 넷째 월요일 휴무 /유적지 해설 가능/ 1월1일, 설연휴기간, 추석연휴기간",,"평일 : 09:00 ~ 16:00 , 주말 : 09:00 ~ 16:00",무료,실내+실외,"공연/전시,기타, 문화관광","공용주차장,화장실,무료 WIFI,음료대,유도 및 안내시설,경보 및 피난시설",하,1~2시간
115,116,연중무휴 / 족욕 10:00~17:00까지 운영(12:00~13:00 제외) /짚라인 운영 확인 필요,,"평일 : 09:00 ~ 18:00 , 주말 : 09:00 ~ 18:00","N/A,족욕 12,000원, 숲속바이크 10,000원",,,"공용주차장,현금결제,카드결제,화장실,무료 WIFI,흡연구역,편의점,음료대,유도 및 안내시설,경보 및 피난시설",,
116,117,,,,,,,"공용주차장,화장실",,
117,118,"연중무휴 / 45분 간격 / 계절별 일출, 일몰, 기상상태에 따라 운항 및 시간 조정",,"평일 : 09:00 ~ 18:00 , 주말 : 09:00 ~ 18:00","유료,성인.중고생 56,500원, 아동 36,800원, 장애인 30%할인.(도립공원이용료+대합실이용료 포함)",,,"현금결제,카드결제,화장실",,
118,119,애견동반가능.,,"평일 : 09:00 ~ 18:00 , 주말 : 09:00 ~ 18:00","유료,,입장료 일반 9,000원, 청소년 6,000원 어린이 5,000원, 경로자.장애인 6,000원.",실내+실외,"포토스팟, 산책","공용주차장,현금결제,카드결제,화장실,음료대,유도 및 안내시설,경보 및 피난시설",하,1~2시간
119,120,"매주 월요일, 1월 1일, 설날, 추석 휴관/ 7월~9월 : 오전 9시 오후 8시 까지 연장 개관/ 코로나 종료시까지 도슨트 미운영/ 방문 예약 필수",,"평일 : 09:00 ~ 18:00 , 주말 : 09:00 ~ 18:00","유료,어른 2,000원, 청소년 1,000원, 어린이 500원 / 장애인, 경로, 6세 이하 무료 / 제주도민 50% 할인",실내,공연/전시,"공용주차장,현금결제,카드결제,화장실,무료 WIFI,흡연구역,음료대,유도 및 안내시설,경보 및 피난시설,임산부 휴게시설,엘리베이터",하,1~2시간
120,121,휴무관련없음,UNESCO 세계지질공원,,,,,"공용주차장,화장실,유도 및 안내시설",,
121,122,차귀도 입도 시간 매일 상이. 하루에 세 번정도 운행. 유람선 운항 시간 확인 필요.,,,"N/A,유람선 왕복 가격 성인 16,000원, 청소년 15,000원, 소인 13,000원",,,"공용주차장,화장실,편의점,음료대,유도 및 안내시설,경보 및 피난시설",,
122,123,연중무휴/ 17:30분 입장 마감.,,"평일 : 09:00 ~ 18:00 , 주말 : 09:00 ~ 18:00",무료,실외,공연/전시,"공용주차장,화장실,무료 WIFI,음료대,유도 및 안내시설,경보 및 피난시설",하,1시간 미만
123,124,,,,,,,"공용주차장,화장실,편의점,음료대",,
124,125,,,,,,,,,
125,126,"4월~9월(15시 ~23시), 10월~3월(14시 ~ 22시) / 매주 월요일 휴관(단 공휴일인 경우 익일)/관람종료 1시간 30분전/ 관람예약 필수.",,,"유료,성인 5.000원, 청소년.어린이 2,000원, 경로인.장애인 무료",실내,공연/전시,"공용주차장,현금결제,카드결제,화장실,무료 WIFI,음료대,유도 및 안내시설,경보 및 피난시설,임산부 휴게시설,엘리베이터",,1~2시간
126,127,연중무휴 09:00~18:00(17:30에 매표 마감)/ 주차장 : 제주시 관덕로7길 13,,"평일 : 09:00 ~ 18:00 , 주말 : 09:00 ~ 18:00","유료,성인 1,500원 청소년 800원, 어린이 400원 /65세 이상, 장애인 무료",실외,공연/전시,"공용주차장,현금결제,카드결제,화장실,무료 WIFI,유도 및 안내시설,경보 및 피난시설,임산부 휴게시설",하,1시간 미만
127,128,,,,,,,"화장실,유도 및 안내시설",,
128,129,"연중무휴/ 입장 마감 17:00 /입장료 무료, 체험별 비용 있음.",,"평일 : 09:00 ~ 18:00 , 주말 : 09:00 ~ 18:00","무료,체험별 비용 (감귤따기+모노레일 11,000원, 모노레일 7,000원, 곤충동물교감 5,000원, 감귤비누체험 10,000원, 감귤초콜렛 10,000원, 귤피자만들기 40,000원)",,,"공용주차장,현금결제,카드결제,화장실,음료대,유도 및 안내시설,경보 및 피난시설",,1~2시간
129,130,,,,,,", 트레킹",,,
130,131,,,,,,,,,
131,132,연중무휴/ 15;30분까지 입장마감.,,"평일 : 10:00 ~ 16:00 , 주말 : 10:00 ~ 16:00","유료,입장료 2,000원, 감귤체험 15,000원",,,"공용주차장,현금결제,화장실,음료대,유도 및 안내시설,경보 및 피난시설",,
132,133,"연중무휴, 이용시간 : 오전 9시~오후 6시 (입장마감 오후 5:30) / 기상상황에 따라 이용 가능 여부 변동",,"평일 : 09:00 ~ 18:00 , 주말 : 09:00 ~ 18:00",유료,,,"공용주차장,현금결제,카드결제,화장실,무료 WIFI,흡연구역,편의점,음료대,유도 및 안내시설,경보 및 피난시설",,
133,134,,,,,,,편의점,,
134,135,연중무휴/ 기상에 따라 이용시간이 다르므로 전화 문의하세요.,,,,,,"현금결제,카드결제,화장실",,
135,136,이용시간 10:00~17:00 (입장마감 16:00),,"평일 : 10:00 ~ 17:00 , 주말 : 10:00 ~ 17:00",,,,"공용주차장,현금결제,카드결제,화장실,편의점,음료대,유도 및 안내시설,경보 및 피난시설",,
136,137,연중무휴,,,,,,공용주차장,,
137,138,,,,,,,"화장실,편의점,음료대,유도 및 안내시설",,
138,139,,,,,,,,,
139,140,,,"평일 : 00:00 ~ 00:00 , 주말 : 00:00 ~ 00:00",무료,실외,"기타, 도로","공용주차장,화장실,편의점,음료대,유도 및 안내시설",,1시간 미만
140,141,,,,무료,실외,"기타, 오름",,하,1시간 미만
141,142,"매주 월요일과 설, 추석 당일은 휴관/ 기가티켓(체험형) 입장료 +5,000원/ 4인가족 25,000원/ 도슨트 진행 매 시간 정각/ 매표마감 5:30분",우수관광사업체,"평일 : 10:00 ~ 18:00 , 주말 : 10:00 ~ 18:00","유료,성인 8,000원, 청소년 7,000원, 어린이 6,000원, 경로인.장애인 50% 할인.",실내,"공연/전시,체험","공용주차장,현금결제,카드결제,화장실,무료 WIFI,흡연구역,편의점,음료대,유도 및 안내시설,경보 및 피난시설,임산부 휴게시설,엘리베이터",하,1~2시간
142,143,"설,추석 당일 휴무, 운영시간 : 하절기(4월~10월): 09:00~18:00, 동절기(11월~3월): 09:00~17:00",,"평일 : 09:00 ~ 18:00 , 주말 : 09:00 ~ 18:00","유료,성인 7,000원, 경로,청소년,어린이 5,000원",,,"공용주차장,현금결제,카드결제,화장실,무료 WIFI,음료대",,
143,144,"(4월~10월) 9:30~18:30, (11월~3월) 9:30~18:00 / 매표 마감 폐장 1시간 전",,,"유료,일반 : 9.000원, 청소년 : 7,000원, 어린이 6,000원",실내+실외,공연/전시,"공용주차장,현금결제,카드결제,화장실,편의점,유도 및 안내시설,경보 및 피난시설,임산부 휴게시설",중,1~2시간
144,145,"매주 수요일 휴관/ 신정, 구정, 추석 당일 휴관/ 이용 시간: 봄(3~6월)가을(9~10월) 09:30~18:00 / 여름(7~8월) 09:30~18:30 / 겨울(11~2월) 09:30~17:00",,"평일 : 09:30 ~ 18:30 , 주말 : 09:30 ~ 18:30","유료,입장료 ; 성인 4500원, 청소년 3,000원, 어린이,경로인 1,500원, 장애인 무료(1-3급 본인만)",실내,공연/전시,"공용주차장,현금결제,카드결제,화장실,편의점,음료대,유도 및 안내시설,경보 및 피난시설",하,1시간 미만
145,146,연중무휴/ 마지막 교육 시간 16시,,"평일 : 10:30 ~ 17:00 , 주말 : 10:30 ~ 17:00","유료,대인 7.000원, 소인 5,000원 , 6세미만.경로인 무료",실내,공연/전시,"공용주차장,현금결제,카드결제,화장실,무료 WIFI,편의점,음료대,유도 및 안내시설,경보 및 피난시설,임산부 휴게시설",,1시간 미만
146,147,,,,,,,"공용주차장,화장실,음료대,유도 및 안내시설,경보 및 피난시설",,
147,148,연중무휴 / 이용시간 : 17:00~ 24:00 (입장 마감 22:00),,"평일 : 19:00 ~ 24:00 , 주말 : 19:00 ~ 24:00",,,,"현금결제,카드결제,화장실",,
148,149,연중무휴 / 예약필수 / 이용시간 퍼시픽 리솜 홈페이지 참고,우수관광사업체,"평일 : 09:40 ~ 17:00 , 주말 : 09:40 ~ 17:00","유료,요트투어 60분 33,000원, 36개월 미만 무료.",실외,,"공용주차장,현금결제,카드결제,화장실,편의점,음료대,유도 및 안내시설,경보 및 피난시설",중,
149,150,연중무휴/ 생일 당일 무료 입장/ 매월 마지막주 월요일 휴관/ 두 관 패키지 요금제 운영./ 입장마감 17:00,,"평일 : 09:00 ~ 18:00 , 주말 : 09:00 ~ 18:00","유료,성인 9,000원, 청소년.어린이 8,000원, 경로인.장애인 7,000원 (트릭아이미술관+그리스신화박물관 패키지 +3,000원)",실내+실외,"공연/전시,포토스팟","공용주차장,현금결제,카드결제,화장실,편의점,유도 및 안내시설,경보 및 피난시설",하,1~2시간
150,151,,,,,,,,,
151,152,매주 월요일 1/1 설날 추석 휴관,,"평일 : 09:00 ~ 18:00 , 주말 : 09:00 ~ 18:00","유료,어른 2,000원, 청소년.군인 1,000원, 어린이 500원, 6세이하. 경로인. 장애인 무료",실내,공연/전시,"공용주차장,현금결제,카드결제,화장실,무료 WIFI,음료대,유도 및 안내시설,경보 및 피난시설",하,1시간 미만
152,153,연중무휴/ 입장마감 17:30,,"평일 : 09:00 ~ 18:00 , 주말 : 09:00 ~ 18:00","유료,성인 12,000원 청소년 11,000원, 어린이 10,000원",실내,"포토스팟,공연/전시","공용주차장,현금결제,카드결제,화장실,엘리베이터",,1~2시간
153,154,연중무휴/ 매표 마감 17시30분,우수관광사업체,"평일 : 09:00 ~ 18:00 , 주말 : 09:00 ~ 18:00","유료,성인 13.000원 중고생,어린이 12.000원 경로, 장애인 10.000원",실내,공연/전시,"공용주차장,현금결제,카드결제,화장실,흡연구역,음료대,유도 및 안내시설",하,1~2시간
154,155,"연중 무휴/ 공연시간 (4월~10월)10:30, 14:30, 17:00 (11월~3월)10:30, 14:00, 16:40",,"평일 : 09:00 ~ 18:00 , 주말 : 09:00 ~ 18:00","유료,단거리 12,000원, 장거리 30,000원(운행 중지), 정통 레슨 100,000원, 승마공연 성인 20,000원, 중고생 18,000원, 어린이 15,000원",실외,"체험,공연/전시","공용주차장,현금결제,카드결제,화장실,무료 WIFI,편의점,경보 및 피난시설,엘리베이터",하,1~2시간
155,156,"연중무휴/ 하절기 09:00~18:00, 동절기 09:00~17:00 / 이용 시간은 변동 될 수 있으므로 전화로 문의해주시길 바랍니다.",,"평일 : 09:00 ~ 18:00 , 주말 : 09:00 ~ 18:00","유료,성인 7,000원, 청소년 6,000원,어린이 5,000원, 경로인.장애인 5,000원",,,"공용주차장,현금결제,카드결제,화장실,무료 WIFI",,
156,157,"소요시간: 편도 약 20분, 분화구둘레길산책시 왕복 1시간~1시간 30분, 화장실 無",,,,,,,,
157,158,'도두동 동쪽' 버스 정류장에서 하차시 바로 앞에 위치,,,무료,실외,"기타, 사진 촬영",,하,1시간 미만
158,159,,"UNESCO 세계지질공원,지오브랜드",,,,,"공용주차장,화장실,편의점,유도 및 안내시설",,
159,160,연중무휴,,,,,,"공용주차장,화장실",,
160,161,,,,,,,,,
161,162,연중무휴,,"평일 : 09:00 ~ 18:00 , 주말 : 09:00 ~ 18:00","유료,일반 입장료 6.000원 => 장애인 할입 입장료 : 20% 할인",실외,"체험,공연/전시","공용주차장,현금결제,카드결제,화장실",하,1~2시간
162,163,,,,,,,"공용주차장,현금결제,카드결제,화장실,무료 WIFI,흡연구역,편의점,음료대,유도 및 안내시설,경보 및 피난시설",,
163,164,연중무휴/,,"평일 : 09:00 ~ 18:00 , 주말 : 09:00 ~ 18:00","유료,어른 7,000원, 청소년 5,000원, 어린이 4,000원 경로인.장애인 요금 있음.",실외,공연/전시,"공용주차장,현금결제,카드결제,화장실,편의점,경보 및 피난시설",하,1~2시간
164,165,,,,무료,실외,포토스팟,,하,1시간 미만
165,166,하절기 마감시간 19:00 /커피 주문시 박물관 관람 가능.,,"평일 : 09:15 ~ 18:15 , 주말 : 09:15 ~ 18:15",유료,,,"공용주차장,현금결제,카드결제,화장실,무료 WIFI",,
166,167,,,,,,,"공용주차장,화장실,편의점,음료대",,
167,168,어트렉션 별 운영시간 상이. 홈페이지 참조. 네이버 예약 가능.,,"평일 : 09:00 ~ 18:00 , 주말 : 09:00 ~ 18:00","유료,홈페이지 참조.",실내+실외,,"공용주차장,화장실,편의점",,
168,169,"연중무휴/ (3~8월) 9:00~17:00, (9월~10월) 9:00~17:30, (11월~2월) 9:00~16:30/ 7kg미만 애견 동반 입장 가능.",,,"N/A,성인 12,000원 청소년 8,000원, 어린이 7,000원, 경로인 10,000원, 장애인 단체요금 적용.",,,"공용주차장,현금결제,카드결제,화장실,무료 WIFI,흡연구역,편의점,음료대,유도 및 안내시설,경보 및 피난시설",,1~2시간
169,170,연중무휴,,,,,,"공용주차장,화장실,편의점,음료대,유도 및 안내시설",,
170,171,,,,,,,,,
171,172,"휴관일 : 매주 월요일(단, 월요일이 공휴일인 경우 다음날 휴관), 매년 1월1일, 설날, 추석",,"평일 : 09:00 ~ 18:00 , 주말 : 09:00 ~ 18:00",무료,실내,공연/전시,"공용주차장,화장실,무료 WIFI,흡연구역,음료대,유도 및 안내시설,경보 및 피난시설,엘리베이터",하,1~2시간
172,173,매주 수요일 휴관/,,"평일 : 9:00 ~ 18:00 , 주말 : 9:00 ~ 18:00","유료,성인 9,000원, 청소년 8,000원, 어린이 7,000원, 12세미만 자녀 포함 4인 가족 28,000원, 경로인.장애인 단체요금적용",,,"공용주차장,현금결제,카드결제,화장실,무료 WIFI,편의점,음료대,유도 및 안내시설,경보 및 피난시설,엘리베이터",,
173,174,,,,,,,공용주차장,,
174,175,,,,,,,"공용주차장,화장실,유도 및 안내시설,경보 및 피난시설",,
175,176,연중무휴/ 이용시간 : 10:00~20:00(19:00 입장마감),,"평일 : 10:00 ~ 20:00 , 주말 : 10:00 ~ 20:00","유료,성인 9,000원, 청소년 8,000원, 어린이 7,000원",실내,"공연/전시,포토스팟","공용주차장,현금결제,카드결제,화장실,음료대,유도 및 안내시설,경보 및 피난시설",중,1~2시간
176,177,연중무휴/ 폐장 1시간 전 매표 마감,,"평일 : 08:40 ~ 17:40 , 주말 : 08:40 ~ 17:40","유료,성인 10,500, 청소년 9,000, 어린이 8,000, 경로인.장애인 할인 입장.",실내+실외,"포토스팟,공연/전시","공용주차장,현금결제,카드결제,화장실,무료 WIFI,흡연구역,편의점,음료대,유도 및 안내시설,경보 및 피난시설,임산부 휴게시설,엘리베이터",하,1~2시간
177,178,"연중무휴 / (5-8월)08:50~17:30, (11~2월)08:50~16:30, (3,4,9,10월)08:50~17:00 / 폐장 30분 전 입장마감 /카약 승선 교육 40분 간격 / 캠핑장운영",,"평일 : 08:40 ~ 18:00 , 주말 : 08:40 ~ 18:00","유료,성인 14,000원, 청소년 13,000원, 어린이.경로인.장애우.국가유공자 12,000원",,,"공용주차장,화장실",,
178,179,,,"평일 : 09:00 ~ 18:00 , 주말 : 09:00 ~ 18:00",,,"체험, 카페, 쇼핑","공용주차장,현금결제,카드결제,화장실,무료 WIFI,음료대,유도 및 안내시설,경보 및 피난시설",,
179,180,"상시 09:00-23:00, 애견동반가능(8kg 미만) 휴무 없음, 우천시 야간개장 운영 확인 필요",,"평일 : 09:00 ~ 23:00 , 주말 : ~","유료,성인 8,000원, 청소년 6,000원, 소인 5,000원, 야간 입장료 상이.",,,"공용주차장,현금결제,카드결제,화장실,유도 및 안내시설,편의점,음료대,무료 WIFI,흡연구역",,
180,181,,,,,,,,,
181,182,연중무휴,,,,,,,,
182,183,,,,,,,유도 및 안내시설,,
183,184,,,,,,,"공용주차장,화장실,음료대,유도 및 안내시설",,
184,185,"연중무휴 /(3월~9월) 09:00~19:00, (10월~2월) 09:00~18:00",우수관광사업체,"평일 : 09:00 ~ 19:00 , 주말 : 09:00 ~ 19:00","유료,성인 9,000원, 청소년 7,000원, 어린이 5,000원, 경로 7,000원",실외,"포토스팟,공연/전시","공용주차장,현금결제,카드결제,화장실,유도 및 안내시설,경보 및 피난시설",중,2~3시간
185,186,연중 무휴/ 일몰투어 16:30분 유선 예약 필요.,,,"유료,일반투어 60분 성인 60,000원, 소인 40,000원",,,"공용주차장,현금결제,카드결제,화장실,무료 WIFI,흡연구역,음료대,유도 및 안내시설,경보 및 피난시설",,
186,187,,,,,,,공용주차장,,
187,188,"동절기 09:00 ~ 17:00 (매표마감 16:00), 하절기 09:00 ~ 18:00 (매표마감 17:00)",,"평일 : 09:00 ~ 18:00 , 주말 : 09:00 ~ 18:00","유료,성인 1,000원, 청소년 600원, 12세이하 어린이.65세 이상 경로인. 장애인 무료",실내+실외,공연/전시,"공용주차장,현금결제,카드결제,화장실,무료 WIFI,음료대,유도 및 안내시설",중,2~3시간
188,189,"이용시간 : 일몰 전 이용 권장 (2022.7.1부터 08:30~18:30 이용가능, * 동절기 변동)",,,"유료,숲길 탐방 무료, 탐방해설 프로그램 유료(사전 문의 및 예약 필수)",,,"공용주차장,현금결제,카드결제,화장실,무료 WIFI,흡연구역,음료대,유도 및 안내시설,경보 및 피난시설",,2~3시간
189,190,연중무휴/ 실내 입장 마감 19시/ LED 공원 09:00:22:00,,"평일 : 09:00 ~ 20:00 , 주말 : 09:00 ~ 20:00","유료,성인 15,000원, 청소년.소인 14,000원 (아이스뮤지엄+착시아트+5D영상관+VR1회 포함)",실내+실외,,"공용주차장,화장실,편의점",,
190,191,,,,,,,"화장실,음료대,유도 및 안내시설,경보 및 피난시설",,
191,192,,,,,,,,,
192,193,"연중무휴 / 10:30, 14:30, 16:30 3회 공연",,"평일 : 10:30 ~ 16:30 , 주말 : 10:30 ~ 16:30","유료,대인 20,000원, 청소년 15,000원, 소인 15,000원",실내,공연/전시,"공용주차장,현금결제,카드결제,화장실,무료 WIFI,편의점,음료대,유도 및 안내시설,경보 및 피난시설",하,1~2시간
193,194,동절기 09:00 ~17:00. 하절기 09:00~18:00까지. 연중무휴,,"평일 : 09:00 ~ 18:00 , 주말 : 09:00 ~ 18:00",,,,"공용주차장,현금결제,카드결제,화장실,무료 WIFI,음료대,유도 및 안내시설,경보 및 피난시설",,
194,195,,,,,,,,,
195,196,"연중무휴/ 입장 시간 : 17:00까지 / 캠핑가능 (숨나들 예약 https://www.foresttrip.go.kr/main.do)/ 기상악화, 천재지변 등 안전한 이용을 위해 입장이 제한될 수 있음",,"평일 : 09:00 ~ 18:00 , 주말 : 09:00 ~ 18:00","유료,성인 1.000원, 청소년 600원 어린이 300원 경로인.장애인 무료(1-3급 동반 1인까지)",실외,"등산,체험","공용주차장,현금결제,카드결제,화장실,무료 WIFI,편의점,음료대,유도 및 안내시설,경보 및 피난시설,흡연구역",중,1~2시간
196,197,"연중무휴 / (12월~2월) 09:00~18:00, (3월~4월/9월~11월) 09:00~19:00, (5월~8월) 09:00~20:00",,"평일 : 09:00 ~ 20:00 , 주말 : 09:00 ~ 20:00","유료,유료,성인 13.000원, 청소년.어린이 관람불가, 경로인 11,000원, 장애인 9,000원",실내,공연/전시,"공용주차장,현금결제,카드결제,화장실,무료 WIFI,편의점,음료대,유도 및 안내시설,경보 및 피난시설,엘리베이터",하,1~2시간
197,198,,지오브랜드,,,,,,,
198,199,"매주 화요일 휴장(공휴일 제외)/ (3월~10월) 10:00~18:00, (11월~2월) 10:00~17:00 /폐장 1시간전 입장 마감.",,,"유료,24개월미만 무료, 아동 25,000원, 성인 15,000원, 제주도민/장애인/경로인 할인적용",,,"공용주차장,현금결제,카드결제,화장실,편의점,유도 및 안내시설,경보 및 피난시설",,
199,200,일몰후 ~ 21시(하절기 22시 / 우천시 휴무),,,,,,,,
200,201,"조랑말 박물관, 따라비 승마장, 마음카페, 아트숍, 야외광장 및 각종 체험프로그램 운영",,"평일 : 10:00 ~ 18:00 , 주말 : 10:00 ~ 18:00","유료, 승마체험 프로그램 - A코스(근거리초원+트랙)/5분 : 12,000원 - B코스(원거리초원+트랙)/15분: 25,000원 - B+코스(숲+초원+트랙)/20분: 35,000원 - C코스(목장산책+트랙)/30분 : 50,000원 - 외승코스(목장)/60분 : 100,000원 - 먹이주기(당근) : 3,000원 / 조랑말박물관 무료 관람 - 해설 및 이용안내 문의 바람 064-787-3966",,,,,
201,202,연중무휴 / 정회원은 매주 월요일 휴일제 운영,,"평일 : 09:00 ~ 18:00 , 주말 : 09:00 ~ 18:00",,,,"공용주차장,현금결제,카드결제,화장실,무료 WIFI,음료대,유도 및 안내시설,경보 및 피난시설",,
202,203,연중무휴,,"평일 : 08:00 ~ 17:00 , 주말 : 08:00 ~ 17:00","무료,연중 24시. 무료",실외,"체험,포토스팟","화장실,음료대,유도 및 안내시설,경보 및 피난시설",상,1시간 미만
203,204,제주항여객터미널 시간표 참조. (http://jeju.ferry.or.kr),,,,,,,,
204,205,연중무휴,,,,,,"공용주차장,화장실,편의점,음료대,유도 및 안내시설",,
205,206,"매표마감 17:30 / 휴관일 : 매주 월요일, 1월1일, 설날 및 설날 다음날, 추석 및 추석 다음날, 훈증 소독기간(별도공지)/ 해설 진행 60분 (10시, 11시, 13시, 14시, 15시, 16시)",,"평일 : 09:00 ~ 18:00 , 주말 : 09:00 ~ 18:00","유료,어른 2,000원, 청소년 1,000원 12세 이하 어린이.경로인. 장애인 무료",실내,공연/전시,"공용주차장,현금결제,카드결제,화장실,무료 WIFI,흡연구역,음료대,유도 및 안내시설,경보 및 피난시설,임산부 휴게시설",중,1~2시간
206,207,해수욕장 개장 기간 상이. (삼양 종합상황실: 064-728-3991),,,,,,"화장실,편의점,음료대,유도 및 안내시설",,
207,208,"주말, 공휴일",,"평일 : 9:00 ~ 17:00 , 주말 : ~",,,,"공용주차장,화장실,편의점",,
208,209,,,,,,,,,
209,210,,,,무료,실외,포토스팟,,,
210,211,24시간(해뜰때부터 해질때까지),,,,,,,,
211,212,연중 무휴 (우천시 취소),,"평일 : 09:00 ~ 18:00 , 주말 : 09:00 ~ 18:00",,,,공용주차장,,
212,213,"하절기 09:00∼18:00, 동절기 09:00∼17:00/ 숲해설 10시, 14시/ 주말숲체험 탐방프로그램 4월~11월(월 2회)",,"평일 : 09:00 ~ 18:00 , 주말 : 09:00 ~ 18:00",무료,실외,"기타, 산책로, 휴양림","공용주차장,화장실,무료 WIFI,음료대,유도 및 안내시설,경보 및 피난시설",중,1~2시간
213,214,"(7월~9월) 09:00~20:00 *코로나 상황에 따라 변동가능, 휴관일 : 매주 월요일과 1월 1일, 설날, 추석 /홈페이지 사전 예약 후 방문 가능.",,"평일 : 09:30 ~ 17:30 , 주말 : ~","유료,성인 1,500원 청소년 800원, 어린이 400원 /65세 이상, 장애인 무료",실내,공연/전시,"공용주차장,현금결제,카드결제,화장실,무료 WIFI,유도 및 안내시설,경보 및 피난시설",,1시간 미만
214,215,"연중무휴, 카트 09:30~18:00(입장마감 17:00), ATV/승마체험 09:30~17:00(입장마감 16:00)",,"평일 : 09:30 ~ 18:00 , 주말 : 09:30 ~ 18:00","유료,카트 25,000원, ATV 30,000원, 승마 30,000원",,,"공용주차장,현금결제,카드결제,화장실,무료 WIFI,음료대,유도 및 안내시설,경보 및 피난시설",,
215,216,매주 화요일 휴관/ 17:30 입장 마감,,"평일 : 10:00 ~ 18:00 , 주말 : 10:00 ~ 18:00","유료,성인 3,000원, 청소년2,000원, 소인 2,000원 (초콜릿체험 12,000원, 마카롱만들기 14,000원)",,,"공용주차장,현금결제,카드결제,화장실,음료대,유도 및 안내시설,경보 및 피난시설",,
216,217,"연중무휴 09:00~18:00(매표마감 17:30) 단 1월1일, 설날, 추석 10:00 개장",우수관광사업체,"평일 : 09:00 ~ 18:00 , 주말 : 09:00 ~ 18:00","유료,어른 4.000원/청소년 2.500원/어린이 1.500원/경로 1.500원",실외,공연/전시,"현금결제,카드결제,화장실,무료 WIFI,편의점,음료대,유도 및 안내시설,경보 및 피난시설",하,1시간 미만
217,218,,,,,,,,,
218,219,,,,,,,,,
219,220,,,,,,,,,
220,221,"1월 1일, 설날, 추석 휴관",,"평일 : 09:00 ~ 22:00 , 주말 : 09:00 ~ 22:00",,,,"공용주차장,화장실,무료 WIFI,흡연구역,음료대,유도 및 안내시설,경보 및 피난시설,엘리베이터",,
221,222,연중무휴,,,,,,공용주차장,,
222,223,"야영장, 탈의 및 샤워장, 전망휴게소 / 여름 해수욕장 개장 : 2022.7.1~8.31 10:00~19:00 운영/",,,무료,실외,"해양스포츠,물놀이,포토스팟, 야외수영장, 스노클링","공용주차장,화장실",,
223,224,,,,,,,,,
224,225,2022년 1월부터 섬 주변 해역도 출입제한 지역으로 낚시 및 해상 레저 이용 시에도 반드시 허가 필요,UNESCO 생물권보전지역,,,,,,,
225,226,이용시간 당일 문의 필요/,,"평일 : 10:00 ~ 19:00 , 주말 : 10:00 ~ 19:00","유료,1인당 10,000원",,,,,
226,227,수요일 휴무(크리스마스마켓(크리마스마스 전 4주간) 기간 동안에는 휴무 없음),,"평일 : 10:30 ~ 18:00 , 주말 : 10:30 ~ 18:00","무료,기부금 형식으로 입장료 운영.",,,공용주차장,,
227,228,연중무휴/,,,무료,,,"공용주차장,음료대,유도 및 안내시설",,
228,229,,,,,,,,,
229,230,,,,,,,,,
230,231,"영업시간 : 동절기(11~2月) 입장시간 09:00~15:00, 탐방시간 09:00~17:00 / 하절기(3~10月) 입장시간 09:00~16:00, 탐방시간 09:00~18:00 / 숲해설 평일 10시, 14시 주말 10시, 11시, 13시30분,14시30분",,"평일 : 09:00 ~ 18:00 , 주말 : 09:00 ~ 18:00","유료,일반 1,000원, 청소년 800원, 어린이 500원, 고령인.장애인 무료",실외,"기타, 산책로","공용주차장,유도 및 안내시설",하,1시간 미만
231,232,,,,,,,유도 및 안내시설,,
232,233,"연중 무휴 / 공연시간 13:30, 15:00, 16:30",,"평일 : 10:00 ~ 17:30 , 주말 : 10:00 ~ 17:30","유료,대인 18,000원, 청소년(중고생) 15,000원, 소인(만 24개월 이상~초등학생) 12,000원",실내+실외,"공연/전시,기타","공용주차장,현금결제,카드결제,화장실,무료 WIFI,흡연구역,편의점,음료대,유도 및 안내시설,경보 및 피난시설",하,1시간 미만
233,234,,,,,,,,,
234,235,,,,,,,,,
235,236,,,,,,,"화장실,편의점",,
236,237,"연중무휴 / 일몰 1시간 전까지 입장가능 봄(3~5월), 가을(9~11월) 8시반~18시반, 하절기(6~8월) 9시~19시반, 동절기(12~2월) 9시~18시",,"평일 : 08:30 ~ 18:00 , 주말 : 08:30 ~ 18:00","유료,일출랜드 입장료( 성인 9,000원, 청소년 6,000원, 어린이 5,000원, 경로인 8,000원)",,,"공용주차장,현금결제,카드결제,화장실,무료 WIFI,편의점,음료대,유도 및 안내시설,경보 및 피난시설",,
237,238,"1월1일, 설날, 추석, 월요일, 내부 사정에 따른 임시휴관일(홈페이지에서 매월 휴관일 안내), 방문 전 예약 필수.",,"평일 : 14:00 ~ 22:00 , 주말 : 14:00 ~ 22:00","유료,성인 2.000원, 청소년 1,000원 , 경로인.장애인 무료",실내,공연/전시,"공용주차장,현금결제,카드결제,화장실,음료대,유도 및 안내시설,경보 및 피난시설",,1시간 미만
238,239,"연중무휴/ 이용시간: 10:00~19:00 (매표마감 18:20) / 도슨트 가능, 사전 예약 필요. /",우수관광사업체,"평일 : 10:00 ~ 19:00 , 주말 : 10:00 ~ 19:00","유료,성인 10,000원, 청소년 9,000원, 어린이 8,000원, 경로인, 장애인, 도민 할인 입장",실내+실외,공연/전시,"공용주차장,현금결제,카드결제,화장실,무료 WIFI,음료대,유도 및 안내시설,경보 및 피난시설,엘리베이터",하,1~2시간
239,240,이용시간 : 10:00~18:00(입장마감 17:30),,"평일 : 10:00 ~ 18:00 , 주말 : 10:00 ~ 18:00","유료,성인 개인 12,000, 성인 단체 10,000, 청소년 개인 10,000, 청소년 단체 8,000, 어린이 개인 9,000, 어린이 단체 7,000, 노인 개인 9,000, 노인 단체 7,000",,,공용주차장,,
240,241,,,,,,,"공용주차장,화장실,편의점,음료대,유도 및 안내시설",,
241,242,,,,,,,,,
242,243,"소요시간: 생태관찰로: 1.5km(왕복 약 40분) / 오름산책로: 2.1km(왕복 약 2시간 30분), 숲해설 : 09:00~17:00(점심 12:00~13:00),마지막 해설 16:00(사전예약 필요)",,,"유료,성인 1,000원, 청소년 600원,어린이.경로인. 장애인 무료",,,"공용주차장,현금결제,카드결제,화장실,편의점,음료대,유도 및 안내시설,엘리베이터",,
243,244,,,,,,,,,
244,245,소요시간: 도보 약 30분 * 탐방로 대부분 나무데크와 나무계단으로 이루어져 있음,,,,,,,,
245,246,,,,,,,,,
246,247,,,,,,,,,
247,248,"방문 전 네이버 예약 필수/ 청수힐링프로그램 (놀멍쉬멍 +제주로컬피자) 24,000원, 청수체험프로그램 9,000원, 주민해설사곶자왈탐방 3,600원",,,,,,"공용주차장,화장실",,
248,249,,,,,,,,,
249,250,,,,,,,,,
250,251,,,,,,,,,
251,252,,,,,,,공용주차장,,
252,253,"이용시간 : 9시~18(매표마감 17시), 매주 화요일 휴관 / 정규도슨트 : 1일 4회 (10:30 / 13:00 / 15:00 / 16:30, 사전예약제 하루 전날까지 예약 필수 ) 도슨트 참여인원 5명 이상 운영 / 오디오가이드 무료/ 휘닉스제주 주차 후, 오렌지동 로비에서 셔틀버스 무료",,"평일 : 09:00 ~ 18:00 , 주말 : 09:00 ~ 18:00","유료,어른 1,2000원, 청소년.어린이 9,000원, 경로.장애인 9,000원",실내+실외,공연/전시,"공용주차장,현금결제,카드결제,화장실",하,1시간 미만
253,254,,,,,,,,,
254,255,,,,,,,,,
255,256,일반인 출입금지(관리 및 학술 목적의 경우 문화재청 ☎1600-0064 사전허가 필요),,,,,,유도 및 안내시설,,
256,257,"이용시간: 09:00~17:30(매표마감 17:00) *매월 첫째 화요일,설날,추석 휴무/ 4D영상관 임시 휴관중",,"평일 : 09:00 ~ 17:30 , 주말 : 09:00 ~ 17:30","유료,성인 3.000원 , 청소년.어린이 2.000원 , 경로인.장애인.도민 무료",실내,공연/전시,"공용주차장,현금결제,카드결제,화장실,무료 WIFI,편의점,음료대,유도 및 안내시설,경보 및 피난시설,임산부 휴게시설,엘리베이터",하,1시간 미만
257,258,,,,,,,,,
258,259,"연중 무휴 / 매표마감 (10월~2월) - 08:30~17:00,(3월) ~17:30, (4월~7월15일, 8월16일~9월30일) ~18:00,(7월16일~8월15일) ~18:30/ 매표 종료 후 1시간 후 마감.",,,"유료,성인 11,000원, 청소년 8,000원, 어린이 7,000원, 경로인 9,000원",,,"공용주차장,현금결제,카드결제,화장실,편의점,음료대,경보 및 피난시설,임산부 휴게시설",,
259,260,연중무휴 / 16:30 입장마감,,"평일 : 09:00 ~ 17:00 , 주말 : 09:00 ~ 17:00",,,,"공용주차장,화장실,편의점",,
260,261,프로그램별로 이용시간이 상이하므로 홈페이지 및 전화 문의 바랍니다.,,,,,,"공용주차장,현금결제,화장실",,
261,262,,,,,,,,,
262,263,,,"평일 : 09:00 ~ 17:00 , 주말 : 09:00 ~ 17:00",,,,"공용주차장,현금결제,카드결제,화장실,음료대,유도 및 안내시설,경보 및 피난시설",,
263,264,,,,,,,,,
264,265,"놀이마당, 대극장, 소극장",,,,,,공용주차장,,
265,266,,,,,,,공용주차장,,
266,267,,,,,,,,,
267,268,,,"평일 : 00:00 ~ 00:00 , 주말 : 00:00 ~ 00:00",,,,"공용주차장,화장실,음료대,유도 및 안내시설",,
268,269,연중무휴 08:50~19:50 (입장마감 18:50),,"평일 : 08:50 ~ 19:50 , 주말 : 08:50 ~ 19:50","유료,성인 8.000원 / 청소년 8.000원 / 어린이 8.000원 / 장애인 5.000원",실내,공연/전시,"공용주차장,현금결제,카드결제,화장실,흡연구역,편의점,음료대,유도 및 안내시설,경보 및 피난시설",중,1~2시간
269,270,,,"평일 : 00:00 ~ 00:00 , 주말 : 00:00 ~ 00:00",무료,실외,"기타, 전망 관람",,중,1시간 미만
270,271,,,,,,,,,
271,272,"수목원 테마파크 2-3층 위치, 통합이용권 혹은 VR이용권 별도 구매 가능",,"평일 : 09:00 ~ 21:00 , 주말 : 09:00 ~ 21:00",,,,,,
272,273,"매주 월요일 휴무, 온라인 사전예약으로 운영, 1일 8회(10:00/11:00/12:00/13:00/14:00/15:00/16:00/17:00), 1일전 예약 가능",,"평일 : 09:00 ~ 18:00 , 주말 : 09:00 ~ 18:00","유료,어른 2,000원, 청소년 1,000원, 어린이 500원 경로인. 장애인 무료",실내,공연/전시,"공용주차장,현금결제,카드결제,화장실,무료 WIFI,유도 및 안내시설,경보 및 피난시설",중,1시간 미만
273,274,"연중무휴, 이용시간 : 08:30~17:00 (6월~9월) 08:30~17:30",,"평일 : 08:30 ~ 17:30 , 주말 : 08:30 ~ 17:30","유료,성인 4.000원, 청소년 3,000원 어린인.경로인(70세이상). 장애인 할인 입장료 : 무료",,,"공용주차장,화장실",,1시간 미만
274,275,"매주 월요일, 1월1일, 설날, 추석 휴관, 17:30 입장마감",,"평일 : 09:00 ~ 17:50 , 주말 : 09:00 ~ 17:50","무료,관람료: 무료",실내+실외,공연/전시,"공용주차장,현금결제,카드결제,화장실,무료 WIFI,음료대,유도 및 안내시설,경보 및 피난시설,엘리베이터",하,1~2시간
275,276,,,"평일 : 08:00 ~ 18:00 , 주말 : 08:00 ~ 18:00","유료,자전거 별 상이. 홈페이지 참조.",,,,,
276,277,1항차 11:00 2항차 14:10 3항차 15:20 기상악화시결항.,,,,,,"공용주차장,편의점",,
277,278,연중 무휴,,"평일 : 00:00 ~ 00:00 , 주말 : 00:00 ~ 00:00",,,,"공용주차장,현금결제,카드결제,화장실,무료 WIFI,편의점,음료대,유도 및 안내시설,경보 및 피난시설,임산부 휴게시설,엘리베이터",,
278,279,"일몰 전 이용권장, 소요시간 : ① 오름주차장 입구~정상까지 약 15분 ② 마을회관방향 입구~오름 둘레길 반 바퀴 포함 약 40분",,,,,,"공용주차장,화장실,유도 및 안내시설",,
279,280,,,,,,,"공용주차장,화장실,음료대,유도 및 안내시설,경보 및 피난시설",,
280,281,연중무휴,,,,,,"공용주차장,화장실,편의점,음료대,유도 및 안내시설",,
281,282,[object Object],,,,,,"공용주차장,음료대",,
282,283,"동절기, 하절기, 성수기 별로 이용시간 변동이 가능하므로 사전 전화문의 요망",,"평일 : 08:00 ~ 19:00 , 주말 : 08:00 ~ 19:00",,,,"공용주차장,현금결제,카드결제,화장실",,
283,284,"매주 월요일 휴무 /관람시간: (3-10월) 09:00-18:00, (11-2월) 09:00-17:00 / 폐장 1시간 전까지 입장",우수관광사업체,"평일 : 09:00 ~ 18:00 , 주말 : 09:00 ~ 18:00","유료,성인 8,000원, 청소년,어린이,경로인,도민,장애인 6,000원",실내+실외,"공연/전시,포토스팟","공용주차장,현금결제,카드결제,화장실,무료 WIFI,음료대,유도 및 안내시설,경보 및 피난시설",중,1~2시간
284,285,"입장/마감 시간 별도 없음, 일몰전 방문 권장",,,,,,,,
285,286,"이용시간 : 10:00~17:00(16:30 입장마감), 강풍이나 우천시 관람 통제될 수 있으며 그 외에도 방문 전 문의 필수",,"평일 : 10:00 ~ 17:00 , 주말 : 10:00 ~ 17:00",,,,,,
286,287,,,,,,,,,
287,288,"3~9월 08:30~19:00, 여름성수기 - 7월 15일~8월 20일 08:30~19:30, 10월 08:30~18:30, 11월~2월 08:30~18:00 * 연중무휴 / 입장마감시간은 폐장 1시간 전",,"평일 : 08:30 ~ 18:00 , 주말 : 08:30 ~ 18:00",,,,"공용주차장,현금결제,카드결제,화장실,무료 WIFI,흡연구역,편의점,음료대,유도 및 안내시설,경보 및 피난시설",,
288,289,,,,,,,"공용주차장,화장실,편의점,음료대,유도 및 안내시설",,
289,290,하계 매일10시~17시 / [기상상황에 따라 장소/시간 변경 될수 있음],,"평일 : 10:00 ~ 16:00 , 주말 : 10:00 ~ 16:00",,,,,,
290,291,,,,,,,"공용주차장,화장실,음료대,유도 및 안내시설,경보 및 피난시설",,
291,292,이용시간: 객주터 09:00~18:00 주막 10:30~22:00 / 매주 월요일 정기 휴무 / 반려동물 동반 가능(주막만 출입가능),,,무료,실내+실외,"체험,공연/전시,기타",화장실,하,1~2시간
292,293,,,,,,,,,
293,294,연중무휴,,"평일 : 09:00 ~ 18:00 , 주말 : 09:00 ~ 18:00",,,,"현금결제,카드결제,화장실",,
294,295,모든 체험프로그램은 유선(064-773-1946) 예약이 필수.,,"평일 : 09:00 ~ 17:00 , 주말 : 09:00 ~ 17:00","N/A,보리피자체험1인 7,000원, 보리빵만들기 1인 7,000원, 보리수제비만들기 1인 9,000원, 농산물수확체험 7,000원, 천연염색체험 10,000원~",,,,,
295,296,,,,,,,유도 및 안내시설,,
296,297,말로 하는 전화 1636+'공항',,,,,,"공용주차장,현금결제,카드결제,화장실,무료 WIFI,흡연구역,편의점,음료대,유도 및 안내시설,경보 및 피난시설,임산부 휴게시설,엘리베이터",,
297,298,,,,,,,공용주차장,,
298,299,연중무휴,,"평일 : 10:00 ~ 18:00 , 주말 : 10:00 ~ 18:00",,,,화장실,,
299,300,,,,"유료,장애인 무료",실외,"기타, 산책로",,하,1시간 미만
300,301,,,,,실외,"등산,포토스팟",,중,
301,302,연중무휴,,"평일 : 09:00 ~ 19:00 , 주말 : 09:00 ~ 19:00",,,,공용주차장,,
302,303,,,"평일 : 09:00 ~ 18:00 , 주말 : 09:00 ~ 18:00",,,,"공용주차장,화장실",,
303,304,"매주 금,토,일 13시 ~ 16시 한시간 간격 프로그램 진행 / 홈페이지 사전 예약 필수",,"평일 : 13:00 ~ 17:00 , 주말 : 13:00 ~ 17:00",,,,공용주차장,,
304,305,,,,,,,,,
305,306,,,"평일 : 09:00 ~ 18:00 , 주말 : 09:00 ~ 18:00",,,,"공용주차장,현금결제,카드결제,화장실,무료 WIFI,편의점,음료대,유도 및 안내시설,경보 및 피난시설",,
306,307,,,,,,,,,
307,308,연중무휴,,,,,,"공용주차장,유도 및 안내시설",,
308,309,,,,,,,,,
309,310,,,,,,,공용주차장,,
310,311,,,,,,,"공용주차장,유도 및 안내시설",,
311,312,,,,,,,,,
312,313,하절기 19:00 까지 운영,,"평일 : 09:00 ~ 18:00 , 주말 : 09:00 ~ 18:00",,,,공용주차장,,
313,314,"대여료 (그늘막 : 3만원, 평상 : 3만원, 파라솔 : 2만원)",,"평일 : 08:00 ~ 19:00 , 주말 : 08:00 ~ 19:00",,,,"공용주차장,화장실,유도 및 안내시설",,
314,315,"연중무휴/ 하절기 (6, 7, 8월) 09:00~18:30 /입장마감 : 마감 20분 전까지",,"평일 : 09:00 ~ 18:00 , 주말 : 09:00 ~ 18:00","유료,요금변경(2021.12.1~) 일반 7,000원, 경로(65세이상)/청소년(19세미만) 5,000원, 초등생 2,000원, 미취학 무료",실내,공연/전시,"공용주차장,현금결제,카드결제,화장실,음료대,유도 및 안내시설,경보 및 피난시설",하,1시간 미만
315,316,,,,,,,,,
316,317,,,,,,,,,
317,318,이용 시간: 09:00~18:00 연중무휴,,"평일 : 09:00 ~ 18:00 , 주말 : 09:00 ~ 18:00",,,,"공용주차장,현금결제,카드결제,화장실,무료 WIFI,흡연구역,편의점,음료대,유도 및 안내시설,경보 및 피난시설",,
318,319,연중무휴/ 입장마감 17:00 /코로나로 인해 영업 시간 축소 운영합니다.,우수관광사업체,"평일 : 11:00 ~ 18:00 , 주말 : 11:00 ~ 18:00","유료,다이나믹메이즈 14,000원, 다이나믹메이즈+레벨2 19,000원",,,"공용주차장,현금결제,카드결제,화장실,음료대,유도 및 안내시설",,
319,320,,,,,,,"공용주차장,화장실,편의점",,
320,321,08:30~17:00(하절기 08:30~18:00) / 영업종료 1시간전 입장마감 / 연중무휴,,"평일 : 08:30 ~ 17:00 , 주말 : 08:30 ~ 17:00","유료,장애인 할인 입장료 : 3.000원",실내+실외,공연/전시,"공용주차장,현금결제,카드결제,화장실,무료 WIFI,음료대,유도 및 안내시설,경보 및 피난시설",중,1~2시간
321,322,이용시간 : 10:00 ~ 17:00,,"평일 : 10:00 ~ 17:00 , 주말 : 10:00 ~ 17:00",,,,"현금결제,카드결제,화장실",,
322,323,돈내코 원앙폭포로 가는 나무데크 공사예정으로 10월중까지 관람 불가,,,,,,화장실,,
323,324,,,,,,,,,
324,325,,,,,,,,,
325,326,,,,,,,,,
326,327,,,,,,,,,
327,328,,,,,,,,,
328,329,,,,,,,,,
329,330,"연중무휴/ 매표 마감 17:30/ 해설 투어 10시, 11시 13시, 14시, 15시, 16시 / 족훈욕 무료 체험(토,일 10:-18:00) 15-20분 소요",,"평일 : 09:00 ~ 18:00 , 주말 : 09:00 ~ 18:00","유료,성인 500원, 청소년 300원, 경로인, 장애인 무료",실내,공연/전시,"공용주차장,현금결제,카드결제,화장실,유도 및 안내시설,경보 및 피난시설",하,1시간 미만
330,331,이용 시간 : 09:00~17:00(16:30 입장 마감) *매주 월요일 휴관,,"평일 : 09:00 ~ 17:00 , 주말 : 09:00 ~ 17:00",,,,"공용주차장,현금결제,카드결제,화장실,무료 WIFI,음료대,유도 및 안내시설,경보 및 피난시설",,
331,332,,,,,,,,,
332,333,"2022년 1월부터 섬 주변 해역도 출입제한 지역으로 지정, 낚시 및 해상 레저 이용 시에도 반드시 허가 필요",UNESCO 생물권보전지역,,,,,,,
333,334,,,,,,,"공용주차장,화장실",,
334,335,트래킹시간 : 10분~15분 사이 (조련사와 함께 트래킹),,"평일 : 09:00 ~ 17:30 , 주말 : ~",,,,,,
335,336,,,,,,,,,
336,337,,,,,,,"공용주차장,현금결제,카드결제,화장실,무료 WIFI,흡연구역,편의점,음료대,유도 및 안내시설,경보 및 피난시설",,
337,338,,,,,,,"공용주차장,화장실",,
338,339,"연중무휴, 9:00~17:00(매표마감 16:15)",,"평일 : 09:00 ~ 17:00 , 주말 : 09:00 ~ 17:00","유료,성인 개인 8,000, 청소년 개인 7,000, 어린이 개인 6,000",,,"공용주차장,현금결제,카드결제,화장실,유도 및 안내시설,경보 및 피난시설",,
339,340,"연중 무휴 / 공연시간 : 17시, 매달 비 정기 휴무(유선 확인 필요)",,,,,,"공용주차장,현금결제,카드결제,화장실,무료 WIFI,음료대,유도 및 안내시설,경보 및 피난시설",,
340,341,,,,,,,,,
341,342,,,,,,,,,
342,343,"연중무휴이용시간: 일몰전 이용 권장(입산통제기간 없음), 소요시간: 등반 편도 약 1시간 (해발 833m)",,,,,,"공용주차장,화장실",,
343,344,연중무휴 / 17시 매표마감,,"평일 : 09:00 ~ 18:00 , 주말 : 09:00 ~ 18:00","유료,성인 6,000원, 중고생 5,000원, 소인 4,000원, 경로인 5,000원",실내,공연/전시,"공용주차장,현금결제,카드결제,화장실,무료 WIFI,편의점,음료대,유도 및 안내시설,경보 및 피난시설",하,1시간 미만
344,345,"하절기 : 09: 00~19:00 , 동절기 : 09:00~18:00",,"평일 : 09:00 ~ 18:00 , 주말 : 09:00 ~ 18:00",,,,"공용주차장,현금결제,카드결제,화장실,무료 WIFI,편의점,음료대,유도 및 안내시설,경보 및 피난시설",,
345,346,,,,,,,,,
346,347,연중무휴/ 운항 스케줄은 문의 필수.,우수관광사업체,,"유료,60분 기준, 대인 60,000원, 소인 40,000원",,,"공용주차장,화장실,무료 WIFI",,
347,348,,,,,,,,,
348,349,,,,,,,,,
349,350,캠프개장기간 : 3월 15일 ~ 10월 30일 / 캠프개장시간 : 일출시 ~ 일몰시,,,,,,,,
350,351,,,,,,,,,
351,352,,,,,,,"화장실,편의점",,
352,353,,,,,,,,,
353,354,,,,,실외,,,,
354,355,"연중 무휴 / 하절기 9시~18시, 동절기 9시~17시/ 무료 주차",,"평일 : 09:00 ~ 18:00 , 주말 : 09:00 ~ 18:00","유료,일반 6,000원, 중학생 이전 3,000원",,,"공용주차장,현금결제,카드결제,화장실,무료 WIFI,음료대,유도 및 안내시설",,
355,356,,,,,,,"공용주차장,화장실,편의점,음료대,유도 및 안내시설,경보 및 피난시설",,
356,357,,,"평일 : 00:00 ~ 24:00 , 주말 : 00:00 ~ 24:00",,,,공용주차장,,
357,358,,,"평일 : 10:00 ~ 17:00 , 주말 : 10:00 ~ 17:00",무료,,,"공용주차장,화장실,편의점,음료대,유도 및 안내시설,경보 및 피난시설",,
358,359,,,,,,,,,
359,360,연중무휴,,"평일 : 09:00 ~ 18:00 , 주말 : 09:00 ~ 18:00",,,,공용주차장,,
360,361,,,,,,,유도 및 안내시설,,
361,362,,,,,,,,,
362,363,,UNESCO 생물권보전지역,,,,,유도 및 안내시설,,
363,364,,,,,,,공용주차장,,
364,365,17시 입장마감,,"평일 : 10:00 ~ 18:00 , 주말 : 10:00 ~ 18:00",,,,"공용주차장,화장실",,
365,366,,,,,,,,,
366,367,,,,,,,"공용주차장,화장실",,
367,368,,,,,,,"공용주차장,화장실,음료대,유도 및 안내시설,경보 및 피난시설",,
368,369,,,,,,,,,
369,370,연중무휴/ 09:00 ~ 22:00 (매표마감 21:00)/ 애완동물 실.내외 동반 가능,우수관광사업체,"평일 : 09:00 ~ 22:00 , 주말 : 09:00 ~ 22:00","유료,성인 13,000원, 청소년 11,000원, 소인 10,000원, 경로인 장애인 소인 요금 동일.",실내+실외,,"공용주차장,현금결제,카드결제,화장실,무료 WIFI,흡연구역,유도 및 안내시설,경보 및 피난시설",하,1~2시간
370,371,,,,,,,,,
371,372,연중무휴(17시 30분까지 입장),,"평일 : 09:00 ~ 18:00 , 주말 : 09:00 ~ 18:00",무료,,,"공용주차장,엘리베이터",,
372,373,썰물 시 이용가능,,,,,,"공용주차장,유도 및 안내시설",,
373,374,매주 화요일,,"평일 : 09:00 ~ 18:00 , 주말 : 09:00 ~ 18:00",,,,"공용주차장,현금결제,카드결제,화장실,무료 WIFI,유도 및 안내시설,경보 및 피난시설",,
374,375,월요일,,"평일 : 09:00 ~ 18:00 , 주말 : 09:00 ~ 18:00","유료,장애인 무료",실내,공연/전시,"공용주차장,화장실",하,1시간 미만
375,376,연중무휴,,"평일 : 9:00 ~ 19:00 , 주말 : 9:00 ~ 19:00",,,,"공용주차장,현금결제,카드결제,화장실,무료 WIFI,흡연구역,음료대,유도 및 안내시설,경보 및 피난시설",,
376,377,,,,,,,,,
377,378,,,,,,,,,
378,379,,,,,,,공용주차장,,
379,380,,,,,,,,,
380,381,,,,"N/A,1. 씨워킹 80.000 할인금액 40.000 50% 할인 2. 체험다이빙 10.000원 할인금액 55.000원 3. 문섬 체험다이빙 12000원 할인금액 85.000",,,,,
381,382,일몰30분전까지 운영,,"평일 : 09:00 ~ 18:00 , 주말 : 09:00 ~ 18:00",,,,,,
382,383,연중무휴 / 마지막 입장 17:30,,"평일 : 09:00 ~ 18:00 , 주말 : 09:00 ~ 18:00",무료,실내+실외,공연/전시,"공용주차장,화장실,무료 WIFI,음료대,경보 및 피난시설",하,1시간 미만
383,384,.,,"평일 : 09:00 ~ 17:00 , 주말 : 09:00 ~ 17:00",,,,,,
384,385,연중무휴,,,,,,"공용주차장,화장실,편의점",,
385,386,,,"평일 : 09:00 ~ 20:00 , 주말 : 09:00 ~ 20:00",,,,,,
386,387,,,,,,,,,
387,388,,,,,,,,,
388,389,"산불조심기간(봄철 : 2월1일~5월15일, 가을철 : 11월1일~12월15일)에는 입산통제되는 오름이므로 사전에 해당 읍, 면, 동사무소에 확인하여 탐방하시기 바랍니다. 표선면사무소 : 064) 760-4413",,,,,,,,
389,390,,,,,,,,,
390,391,이용시간은 당일 전화로 확인 필수! 일몰 30분 전까지,,"평일 : 09:00 ~ 18:00 , 주말 : 09:00 ~ 18:00",,,,,,
391,392,,,,,,,,,
392,393,"연중무휴/하절기 08:30~18:00, 동절기 09:00~17:30",,,,,,"공용주차장,화장실,편의점,음료대,유도 및 안내시설",,
393,394,,,,,,,,,
394,395,,,,,,,,,
395,396,,,,,,,,,
396,397,,,,,,,,,
397,398,방문시 송당리 동사무소 연락 필요. (064-783-4093),,,,,,"공용주차장,유도 및 안내시설",,
398,399,"09:00 ~ 18:00 (단, 7~9월에는 20:00까지 연장) / 휴관일 : 1월1일, 설, 추석날, 매주 월요일",,"평일 : 09:00 ~ 18:00 , 주말 : 09:00 ~ 18:00",,,,"공용주차장,현금결제,카드결제,화장실,무료 WIFI,음료대,유도 및 안내시설,경보 및 피난시설",,
399,400,연중무휴,,,,,,공용주차장,,
400,401,"운영시간 : 9시~17시(17시부터 코로나19 예방 방역 실시/매주 월요일, 1월 1일, 1. 설·추석 명절 당일 휴무), 휠체어 및 유모차 대여",,"평일 : 09:00 ~ 17:00 , 주말 : 09:00 ~ 17:00","무료,무료",실내,"공연/전시,기타","엘리베이터,임산부 휴게시설",하,1시간 미만
401,402,"네이버 방문 예약 필수/ 1년,3년 여권 발행시 기간 내 재 방문 가능./ 애완동물 동반 가능",,"평일 : 10:00 ~ 18:00 , 주말 : 10:00 ~ 18:00","유료,당일 비자(티켓) 성인 10,000 어린이 5,000원/ 1년 여권 성인 20,000원, 어린이 10,000원",,,,,
402,403,,,"평일 : 09:00 ~ 22:00 , 주말 : ~",,,,"공용주차장,현금결제,카드결제,화장실",,
403,404,,,,,,,"공용주차장,화장실,유도 및 안내시설",,
404,405,이용시간: 9:00~17:00 (매표마감: 16:00),,"평일 : 09:00 ~ 17:00 , 주말 : 09:00 ~ 17:00",,,,,,
405,406,운영시간 동절기 (10월~3월) 운영시간 09시 - 18시 입장마감 17시 하절기 (4월 ~9월) 운영시간 09시 - 19시 입장마감 18시,우수관광사업체,"평일 : 09:00 ~ 18:00 , 주말 : 09:00 ~ 18:00","유료,성인 개인 18,000, 성인 단체 15,000, 청소년 개인 15,000, 청소년 단체 13,000, 어린이 개인 12,000, 어린이 단체 11,000, 65세이상 20%할인",실내+실외,,,,
406,407,"이용시간은 상품, 계절, 기상에 따라 다르므로 전화 및 홈페이지 문의 바랍니다.",,,,,,"공용주차장,현금결제,카드결제,화장실",,
407,408,주말 휴무,,"평일 : 07:00 ~ 21:00 , 주말 : ~",,,,"공용주차장,화장실",,
408,409,"이용시간 : (하절기) 5월~10월, 매주 화,목 14:00~16:00 개방",,"평일 : 14:00 ~ 16:00 , 주말 : ~",,,,,,
409,410,09:00 ~ 일몰 후 30분까지 / *2016년 11월 ~ 2017년 3월까지 동절기 휴무,,,,,,"현금결제,카드결제,화장실",,
410,411,,,,,,,,,
411,412,,,,,,,,,
412,413,"이용시간　: 2022.7.1~8.31 09:00~16:30 (16:30부터 배수 시작/17:00 마감), 반려동물 동반불가/음식물 반입가능(안전상 문제로 유리병 반입불가)/안전요원배치(운영시간 내)",,"평일 : 09:00 ~ 16:30 , 주말 : 09:00 ~ 16:30",무료,,,화장실,,
413,414,연중무휴,,,,,,,,
414,415,,,,,,,,,
415,416,,,,,,,,,
416,417,,,,,,,,,
417,418,"이용시간 : 연중무휴, 09:00~17:00(입장마감 16:00) / 하절기(4월~10월) 09:00~18:00(입장마감 17:00)",,"평일 : 09:00 ~ 17:00 , 주말 : 09:00 ~ 17:00","유료,성인6,000원 / 어린이(36개월 이상)~청소년(만20세 미만)5.000원",실외,,,,
418,419,,,,,,,"공용주차장,화장실,편의점,음료대,유도 및 안내시설",,
419,420,"연중무휴, 이용시간: 연중무휴, 08:30~17:30 (매표마감 17:00) / 각 매장 및 부대시설 이용은 오후 17:30까지 이용",,"평일 : 08:30 ~ 17:30 , 주말 : 08:30 ~ 17:30",,,,"공용주차장,현금결제,카드결제,화장실,무료 WIFI,편의점,음료대,유도 및 안내시설,경보 및 피난시설",,
420,421,연중무휴,,"평일 : 09:00 ~ 18:00 , 주말 : 09:00 ~ 18:00",,,,"현금결제,카드결제,화장실,편의점",,
421,422,,,,,,,,,
422,423,,,"평일 : 10:00 ~ , 주말 : 14:00 ~",무료,실외,"등산, 숲길 탐방",공용주차장,하,1시간 미만
423,424,"매주 화요일 휴무, 예약 필수",,"평일 : 09:00 ~ 20:00 , 주말 : 09:00 ~ 20:00",,,,,,
424,425,,,,,,,"공용주차장,현금결제,카드결제,화장실,무료 WIFI,편의점,음료대,유도 및 안내시설",,
425,426,,,"평일 : 10:00 ~ 20:00 , 주말 : 10:00 ~ 20:00","유료,성인 17,000원, 청소년 13,000원, 어린이 10,000원",실내,,,,
426,427,이용 시간이 당일 물 때에 따라 다를 수 있음(사전 예약 필요),,,"유료,",실외,,"공용주차장,화장실,무료 WIFI",하,1~2시간
427,428,연중무휴,,,,,,화장실,,
428,429,,,,,,,유도 및 안내시설,,
429,430,"이용시간: 평일 &주말 12:00 – 20:00 로우시즌에는 실내만 운영되며, 현장 상황에 따라 이용가능 시설에 변동이 있을 수 있습니다.",,"평일 : 12:00 ~ 20:00 , 주말 : 12:00 ~ 20:00","유료,정상가 36,000원",,,"공용주차장,무료 WIFI,화장실,현금결제,카드결제,유도 및 안내시설,경보 및 피난시설",,
430,431,,,,,,,,,
431,432,이용시간 사전문의 필수,,"평일 : 08:00 ~ 18:00 , 주말 : 08:00 ~ 18:00",,,,,,
432,433,연중무휴,,,,,,"공용주차장,화장실",,
433,434,,,,,,,유도 및 안내시설,,
434,435,신청마감 16:00 / 사전예약필수,,"평일 : 13:00 ~ 17:00 , 주말 : 13:00 ~ 17:00",,,,,,
435,436,"월요일 휴관, 입장마감 18시 / 5월~9월 10:00~22:00, 10월~4월 10:00~19:00",,"평일 : 09:00 ~ 19:00 , 주말 : 09:00 ~ 19:00",,,,,,
436,437,,,,,,,편의점,,
437,438,,,,,,,,,
438,439,,,,유료,실외,,,,
439,440,,,"평일 : 08:00 ~ 19:00 , 주말 : 08:00 ~ 19:00",,,,,,
440,441,,,,,,,,,
441,442,"올레스테이 오후 4시 이후, 입실 마감 11시, 퇴실 오전 10시, 전체 소등 11시",,"평일 : 08:00 ~ 22:00 , 주말 : 08:00 ~ 22:00",,,,"공용주차장,현금결제,카드결제,화장실,무료 WIFI",,
442,443,,,"평일 : 06:30 ~ 19:00 , 주말 : 06:30 ~ 19:00",,,,"공용주차장,화장실",,
443,444,,,,,,,,,
444,445,,,,,,,,,
445,446,"매주 월요일 휴무/ 탑통시네마+동문모텔1,2 통합티켓 운영/ 오디오가이드 대여",,"평일 : 10:00 ~ 19:00 , 주말 : 10:00 ~ 19:00","유료,성인 15,000원, 청소년 9,000원, 어린이 6,000원(5-13세), 경로인, 장애인, 제주도민 50%할인",실내,공연/전시,,하,1시간 미만
446,447,"3월~10월(06:00~22:00), 11월~2월(07:00~22:00) / 휴무일 : 1월1일, 설연휴, 추석연휴 ※ 경기장 이용 전 사전문의",,"평일 : 06:00 ~ 22:00 , 주말 : 06:00 ~ 22:00",,,,"공용주차장,화장실,음료대,유도 및 안내시설",,
447,448,이용시간 : 09:00~18:00,,"평일 : 09:00 ~ 18:00 , 주말 : 09:00 ~ 18:00","유료,장애인 무료",실내,공연/전시,"공용주차장,현금결제,카드결제,화장실,무료 WIFI,음료대,유도 및 안내시설,경보 및 피난시설,임산부 휴게시설,엘리베이터",하,1시간 미만
448,449,,,,,,,,,
449,450,"09:00~17:00(16:30 입장마감) *휴무: 1월1일, 설날연휴(3일), 추석연휴(3일)",,"평일 : 09:00 ~ 17:00 , 주말 : 09:00 ~ 17:00",무료,실내+실외,공연/전시,"공용주차장,화장실,무료 WIFI,음료대,유도 및 안내시설,경보 및 피난시설,엘리베이터",중,1시간 미만
450,451,이용시간: 10:00~18:00,,"평일 : 10:00 ~ 18:00 , 주말 : 10:00 ~ 18:00",,,,"공용주차장,화장실,유도 및 안내시설",,
451,452,연중 무휴,,"평일 : 09:00 ~ 18:30 , 주말 : 09:00 ~ 18:30",,,,"현금결제,카드결제,화장실",,
452,453,,,,,,,,,
453,454,,,,,,,,,
454,455,연중무휴,,"평일 : 12:00 ~ 21:00 , 주말 : 12:00 ~ 21:00","유료,1경기 6,500원 / 2경기 15,000원 / 3경기 20000원",실내,,"공용주차장,현금결제,카드결제,화장실,무료 WIFI,흡연구역,음료대",하,1~2시간
455,456,,,,,,,"공용주차장,유도 및 안내시설",,
456,457,"매주 일요일, 월요일 휴관",,"평일 : 10:00 ~ 17:00 , 주말 : 10:00 ~ 17:00","무료,장애인 무료",실내,공연/전시,"공용주차장,화장실,무료 WIFI,유도 및 안내시설,경보 및 피난시설",중,1시간 미만
457,458,매주 화요일 휴무,,"평일 : 09:00 ~ 17:00 , 주말 : 09:00 ~ 17:00",,,,"공용주차장,현금결제,카드결제,화장실,음료대",,
458,459,,,"평일 : 08:00 ~ 18:00 , 주말 : 08:00 ~ 18:00","유료,성인 : 개인 2,500원 / 단체 2,000원 / 도민 무료입장",실외,,"공용주차장,현금결제,카드결제,화장실,편의점",하,1시간 미만
459,460,"입실 pm 1400 , 퇴실 am 1100",,"평일 : 14:00 ~ 11:00 , 주말 : 14:00 ~ 11:00",,,,"공용주차장,현금결제,카드결제,화장실,무료 WIFI,흡연구역,편의점",,
460,461,,,,,,,공용주차장,,
461,462,,,,,,,,,
462,463,하절기 09:00~19:00 동절기 09:00~18:00 조금 늦으시는 분은 미리연락하세요.,,"평일 : 09:00 ~ 18:00 , 주말 : 09:00 ~ 18:00",,,,"공용주차장,현금결제,카드결제,화장실,무료 WIFI,음료대,유도 및 안내시설,경보 및 피난시설",,
463,464,,,"평일 : 11:00 ~ 16:00 , 주말 : 11:00 ~ 16:00",,,,,,
464,465,매주 일요일 휴무. 앤틱 전시품 카탈로그가 제주공항 입국장에 비치되어 있음,,"평일 : 10:00 ~ 18:00 , 주말 : 10:00 ~ 18:00",무료,,,"공용주차장,현금결제,화장실,편의점",,
465,466,이용시간 : 10:00~18:00 (입장마감 17:30) *매주 월요일휴관,,"평일 : 10:00 ~ 18:00 , 주말 : 10:00 ~ 18:00",,,,"공용주차장,현금결제,카드결제,화장실,무료 WIFI,편의점,음료대,유도 및 안내시설,경보 및 피난시설",,
466,467,,,,무료,실외,,,,
467,468,15:00 이후 진입금지/ 연중무휴,,,,,,,,
468,469,,,,,,,,,
469,470,"연중무휴 / 영업시간은 계절, 날씨 별 달라질 수 있으므로 사전연락 요망",,"평일 : 09:00 ~ 18:30 , 주말 : 09:00 ~ 18:30",,,,"공용주차장,현금결제,카드결제,화장실,흡연구역",,
470,471,매주 월요일 휴무마지막 전시장 입장과 입장권 구매: 18:00 까지,,"평일 : 10:00 ~ 19:00 , 주말 : 10:00 ~ 19:00",,,,"현금결제,카드결제,화장실,무료 WIFI,음료대,유도 및 안내시설,경보 및 피난시설,엘리베이터",,
471,472,,,,"유료,a코스(3분) 5,000원/ b코스(7-8분)10,000원/ c코스(14-15분) 20,000원",,,,,
472,473,,,,,,,,,
473,474,10시~18시(전화예약필수),,"평일 : 09:00 ~ 18:00 , 주말 : 09:00 ~ 18:00",,,,"현금결제,카드결제,화장실,무료 WIFI,음료대,경보 및 피난시설",,
474,475,,,,,,,,,
475,476,,,,,,,,,
476,477,"하절기(3~10월) 09:00-17:50, 동절기(11~2월) 09:00~17:00/ 정통 레슨 코스는 사전 예약 필수.",,"평일 : 09:00 ~ 17:00 , 주말 : 09:00 ~ 17:00","유료,단거리코스 12,000원, 장거리코스 30,000원, 정통레슨 100,000원",,,"공용주차장,현금결제,카드결제,화장실,무료 WIFI,흡연구역,편의점,음료대,유도 및 안내시설,경보 및 피난시설",,
477,478,,,,,,,,,
478,479,"매주 월요일, 1월1일, 설날, 추석날, 임시공휴일",,"평일 : 09:00 ~ 18:00 , 주말 : 09:00 ~ 18:00",무료,실내,공연/전시,"공용주차장,화장실,무료 WIFI,흡연구역,음료대,유도 및 안내시설,경보 및 피난시설,엘리베이터",하,1~2시간
479,480,,,,,,,,,
480,481,"하절기 08:30~18:00, 동절기 09:00~17:30",,,,,,"공용주차장,화장실,음료대,유도 및 안내시설,경보 및 피난시설",,
481,482,,,,,,,,,
482,483,연중무휴 / 동절기에는 09:00 - 17:30 운영 *기상여건에 따라 변동 가능,,"평일 : 09:00 ~ 18:30 , 주말 : ~","유료,a코스 25,000원, b코스 50,000원",,,"공용주차장,화장실",,
483,484,15:00 입실 다음날 11:00 퇴실,,,,,,"공용주차장,현금결제,카드결제,화장실,무료 WIFI,음료대,유도 및 안내시설,경보 및 피난시설",,
484,485,"하절기(4월~10월) 09:00~18:00(입장마감 17:00), 동절기(11월~3월) 09:00~17:30(입장마감 16:30), 애완동물 동반출입 불가",,"평일 : 09:00 ~ 17:30 , 주말 : 09:00 ~ 17:30","유료,유료,성인 개인 18,000, 성인 단체 14,000, 청소년 개인 16,000, 청소년 단체 12,500, 어린이 개인 14,000, 어린이 단체 11,000, 노인 개인 14,000, 노인 단체 10,500",,,공용주차장,,
485,486,휴무관련없음,,,,,,,,
486,487,"대나무줄낚시(3~12월) : 15,000원 / 스노클링체험 (7~9월) : 20,000원 / 바릇잡이 (3~12월) : 10,000원 / 해녀물질체험 (3~12월) : 40,000원/ 원담체험(3-5월, 10-12월) : 10,000원",,,"유료,홈페이지 요금 정보 확인.",,"체험,물놀이,기타, 바릇잡이, 해녀체험, 낚시체험",,,
487,488,연중무휴,,,,,,,,
488,489,,,,,,,,,
489,490,,,,,,,,,
490,491,,,,,,,,,
491,492,,,,,,,,,
492,493,연중무휴,,"평일 : 05:00 ~ 22:00 , 주말 : 05:00 ~ 22:00",,,,"공용주차장,현금결제,카드결제,화장실",,
493,494,,,,,,,,,
494,495,,,,,,,공용주차장,,
495,496,,,,,,,,,
496,497,,,,,,,,,
497,498,"입장마감 17시, 시기에 따라 영업시간 변동가능성 있음",,"평일 : 09:00 ~ 18:00 , 주말 : 09:00 ~ 18:00",,,,"현금결제,카드결제,공용주차장",,
498,499,,,,,,,,,
499,500,,,,,,,화장실,,
500,501,연중무휴,,,,,,"공용주차장,화장실,편의점,음료대",,
501,502,,,,무료,,물놀이,공용주차장,,
502,503,,,,,,,,,
503,504,연중무휴,,,,,,,,
504,505,,,,,,,공용주차장,,
505,506,11월 중순부터 5월말까지 진행,,"평일 : 09:00 ~ 18:00 , 주말 : 09:00 ~ 18:00",,,,화장실,,
506,507,,,,,,,,,
507,508,,,,,,,,,
508,509,,,,,,,공용주차장,,
509,510,연중무휴 24시간 이용가능,,"평일 : 00:00 ~ 00:00 , 주말 : 00:00 ~ 00:00","유료,일반성인/청소년 18000원 , 일반 아동 11000원, 일반 유아 7000원",실내+실외,"체험, 찜질","공용주차장,현금결제,카드결제,화장실,무료 WIFI,흡연구역,음료대,유도 및 안내시설,경보 및 피난시설",하,3시간 이상
510,511,,,"평일 : 08:30 ~ 17:00 , 주말 : 08:30 ~ 17:00",,,,공용주차장,,
511,512,"영업시간 11월~2월:09:00~17:30, 3~4월, 9~10월:09:00~18:00, 5월~8월:09:00~18:30",,,"유료,수렵 200,000, 클레이사격(16발)39,000, 권총(12발)35,000 , 라이플사격(12발)35,000, ATV올레코스30,000, 추억코스40,000, 인생코스50,000",,"수렵,체험","공용주차장,화장실,무료 WIFI,흡연구역,음료대,경보 및 피난시설",,
512,513,,,,,,,,,
513,514,"매주 월요일, 1월 1일, 설날, 추석 / 17:30 입장마감",,"평일 : 09:00 ~ 17:30 , 주말 : 09:00 ~ 17:30",무료,실내,공연/전시,"공용주차장,화장실,무료 WIFI,편의점,음료대,유도 및 안내시설,경보 및 피난시설",하,1시간 미만
514,515,,,,,,,,,
515,516,,,,,,,,,
516,517,,,,,,,,,
517,518,연중무휴 / AM 09:00~PM18:00(성수기 - AM 09:00~PM19:00) / 관람시간이 변경될 수 있으니 사전 문의 바랍니다.,,"평일 : 09:00 ~ 18:00 , 주말 : 09:00 ~ 19:00","유료,기 본 형(3회전) : 1인승 - 25,000원 / 2인승 - 35,000원",실외,"체험, 카트 테마 파","공용주차장,현금결제,카드결제,화장실,무료 WIFI,편의점,음료대,유도 및 안내시설,경보 및 피난시설",중,1~2시간
518,519,,,,,,,,,
519,520,기상악화(주의보)로 출항하지 못할시 계약금 전액 환불 및 일자 조정,,"평일 : 09:00 ~ 22:00 , 주말 : 09:00 ~ 22:00",,,,"현금결제,카드결제,화장실,경보 및 피난시설",,
520,521,하절기 18:00까지 운영,,"평일 : 09:00 ~ 17:00 , 주말 : 09:00 ~ 17:00",,,,"공용주차장,현금결제,카드결제,화장실,유도 및 안내시설,경보 및 피난시설",,
521,522,"클립앤클라임(예약제), 카트,키즈카페(선착순)",,"평일 : 09:30 ~ 18:00 , 주말 : 09:30 ~ 18:00","유료,클립앤클라임 25,000원, 레저카트 1인승 25,000원, 레저카트 2인승 35,000원,",실내+실외,,공용주차장,,1~2시간
522,523,,,,,,,"공용주차장,음료대,유도 및 안내시설,경보 및 피난시설",,
523,524,타임별로 운영,,"평일 : 09:00 ~ 20:00 , 주말 : 09:00 ~ 20:00",,,,"공용주차장,현금결제,카드결제,화장실,무료 WIFI,편의점,음료대,유도 및 안내시설,경보 및 피난시설",,
524,525,,,"평일 : 09:00 ~ 17:00 , 주말 : 09:00 ~ 17:00",,,,,,
525,526,동절기 09:00~18:00,,"평일 : 08:00 ~ 19:00 , 주말 : 08:00 ~ 19:00",,,,공용주차장,,
526,527,,,,,,,,,
527,528,,,,,,,,,
528,529,,,,,,,,,
529,530,,,,,,,,,
530,531,,,,,,,,,
531,532,,,,,,,,,
532,533,,,,,,,,,
533,534,,,,,,,"공용주차장,화장실,편의점,음료대,유도 및 안내시설",,
534,535,연중무휴,,"평일 : 09:00 ~ 22:00 , 주말 : 09:00 ~ 22:00",,,,"공용주차장,현금결제,카드결제,화장실,무료 WIFI,흡연구역,편의점",,
535,536,"일요일, 월요일 휴관",,"평일 : 10:00 ~ 17:00 , 주말 : 10:00 ~ 17:00",무료,,,,,
536,537,연중무휴,,,,,,,,
537,538,연중무휴,,,,,,"공용주차장,화장실,음료대,유도 및 안내시설",,
538,539,휴무 없음,,"평일 : 10:00 ~ 18:00 , 주말 : 10:00 ~ 18:00","유료,대인 5,000원, 초등학생 3,000원, 오픈 전기차 1시간 대여 15,000원",실외,", 관","공용주차장,현금결제,카드결제,화장실,무료 WIFI",하,1~2시간
539,540,,,,,,,화장실,,
540,541,,,,,,,,,
541,542,,,,,,,,,
542,543,,,,,,,,,
543,544,,,,,,,,,
544,545,,,,,,,,,
545,546,,,,,,,,,
546,547,,,,무료,실외,"체험, 바릇잡이",,하,
547,548,,,,,,,,,
548,549,마지막 입산시간 15:30,,"평일 : 09:00 ~ 17:00 , 주말 : 09:00 ~ 17:00",,,,공용주차장,,
549,550,계절별 이용 시간 다름 '064-731-2020'으로 문의,,,,,,"공용주차장,현금결제,카드결제,화장실,흡연구역,편의점,음료대,유도 및 안내시설,경보 및 피난시설",,
550,551,,,,,실외,포토스팟,,,
551,552,,,,,,,,,
552,553,,,,,,,,,
553,554,,,,,,,"공용주차장,화장실",,
554,555,,,,,,,공용주차장,,
555,556,연중무휴,,"평일 : 10:00 ~ 17:00 , 주말 : 10:00 ~ 17:00",,,,,,
556,557,"관리사무소 맞은편 울타리밖에서 화석 감상 가능,울타리 내부 관람 필요시 세계자연유산본부 허가 후 관람가능,발자국화석공원 수장고 공사 중 자료실 개방일정 미정(2022.12월 말 완공예정)",,,무료,,,화장실,,
557,558,,,"평일 : 09:00 ~ 18:00 , 주말 : 09:00 ~ 18:00","무료, 체험요금: 8 ~ 16세 (캔디컷팅+반죽체험세트 25,000원)키 120cm이상 체험 가능",,,,,
558,559,"연중무휴, 10인 이상 방문시 예약필수",,"평일 : 09:00 ~ 18:00 , 주말 : 09:00 ~ 18:00",,,,,,
559,560,,,,,,,,,
560,561,,,,,,,,,
561,562,,,,,,,,,
562,563,매주 화요일 휴무/ [전시장/캐릭터샵] 10:00~18:00(입장마감 17:30) 매주 화요일 휴무 [웨이브라운지] 일~목 13:00~02:00 / 금~토 13:00~04:00,,"평일 : 10:00 ~ 18:00 , 주말 : 10:00 ~ 18:00","유료,성인 12,000원, 청소년 11,000원 , 어린이 10,000원, 경로인.장애인 30% 할인",실내+실외,"체험,공연/전시, 식음, 쇼핑","공용주차장,화장실,무료 WIFI,편의점,음료대,유도 및 안내시설,경보 및 피난시설",중,1~2시간
563,564,,,,,,,,,
564,565,,,,,,,,,
565,566,,,,,,,"공용주차장,화장실",,
566,567,이동진입로계단 - 경로 : 들렁귀 및 계곡내 전경 - 마애명,,,,,,,,
567,568,연중무휴,,,,,,유도 및 안내시설,,
568,569,매표시간 : 09:30 ~ 18:00 관람시간 : 09:30 ~ 19:00 (연중무휴),,"평일 : 09:30 ~ 18:00 , 주말 : 09:30 ~ 18:00","유료,성인 10,000원 청소년 8,000원 소인 6,000원",실내+실외,"체험,공연/전시","공용주차장,현금결제,카드결제,화장실,무료 WIFI,음료대,유도 및 안내시설,경보 및 피난시설",하,1~2시간
569,570,,,,,,,,,
570,571,,,,,,,,,
571,572,예약 전 문의 필수,,"평일 : 10:00 ~ 16:00 , 주말 : 10:00 ~ 16:00","유료,1인 : 1만원",실내,"체험, 감귤상웨빵 만들기","공용주차장,화장실",하,1시간 미만
572,573,,,,,,,화장실,,
573,574,연중무휴(미사시간 제외),,"평일 : 09:00 ~ 18:00 , 주말 : 09:00 ~ 18:00",무료,,,"공용주차장,화장실",,
574,575,,,,,,,,,
575,576,,,,,,,,,
576,577,,,,,,,,,
577,578,"5인 이상 사전 예약 필수, 연중 무휴 9:00~ 18:00 (해녀가 물질하는 날은 함께 하지 못할 수 있습니다.)",,"평일 : 09:00 ~ 18:00 , 주말 : 09:00 ~ 18:00","유료,학생 단체 : 15000 성인: 20000",실내,"체험, 세계 자연유산 해녀의 태왁을 체험 하기 위함","공용주차장,현금결제,카드결제,화장실,무료 WIFI",중,1시간 미만
578,579,연중무휴 / 예약처 일요일 휴무 / 경기가능시간 : 일출시간부터 일몰시간까지,,"평일 : 08:30 ~ 17:30 , 주말 : 08:30 ~ 17:30",,,,"공용주차장,현금결제,카드결제,화장실,무료 WIFI,흡연구역,편의점,음료대,유도 및 안내시설,경보 및 피난시설",,
579,580,,,,,,,,,
580,581,"매월 첫째 셋째 목요일, 설날(구정)과 추석 당일",,"평일 : 09:30 ~ 17:30 , 주말 : 09:30 ~ 17:30",,,,"공용주차장,현금결제,카드결제,화장실,흡연구역,편의점",,
581,582,바릇잡이 체험 채취 한도 수량 : 1kg / 시간 : 하례리 생태관광마을에 문의 (064-733-8009),,,무료,실외,"포토스팟,체험, 씨워킹, 스킨스쿠버, 바릇잡이",,하,1시간 미만
582,583,,,,,,,,,
583,584,풍랑주의보 휴무,,"평일 : 09:00 ~ 18:00 , 주말 : 09:00 ~ 18:00","유료,단독탑승 요금 : 현금 20,000원 / 카드 25,000원 (고등학생 이상 단독탑승 가능) / 동반탑승 추가 요금 : 16세 미만은 10,000원, 16세 이상은 15,000원.",,,,,1시간 미만
584,585,전화로 휴무일 확인 후 방문,,"평일 : 10:00 ~ 19:00 , 주말 : 10:00 ~ 19:00",유료,,,,,2~3시간
585,586,연중무휴,,,,,,공용주차장,,
586,587,종일 / 연중무휴,,,,,,유도 및 안내시설,,
587,588,,,,,,,,,
588,589,,,,,,,"공용주차장,화장실",,
589,590,,,,,,,"공용주차장,화장실",,
590,591,,,,,,,,,
591,592,,,,,,,,,
592,593,,,,,,,,,
593,594,,,,,,,,,
594,595,,,,,,,,,
595,596,매주 월요일 휴무 전시장 입장과 입장권 구매는 18시 까지,,"평일 : 10:00 ~ 19:00 , 주말 : 10:00 ~ 19:00",,,,"현금결제,카드결제,화장실,무료 WIFI,유도 및 안내시설,경보 및 피난시설,엘리베이터",,
596,597,,,,,,,,,
597,598,매주 화요일 정기 휴 / *발권은 마감 1시간 전까지 가능,,"평일 : 09:00 ~ 22:00 , 주말 : 09:00 ~ 22:00",,,,"공용주차장,현금결제,카드결제,화장실,편의점",,
598,599,,,,,,,"공용주차장,화장실,음료대,유도 및 안내시설,경보 및 피난시설",,
599,600,,,,,,,,,
600,601,,,,,,,,,
601,602,하절기 기간 이용시간: 09:00~20:00 (마지막 입장 19:00),,"평일 : 09:00 ~ 20:00 , 주말 : 09:00 ~ 20:00",,,,,,
602,603,,,,,,,공용주차장,,
603,604,연중무휴,,"평일 : 10:00 ~ 17:30 , 주말 : 10:00 ~ 17:30",,,,"공용주차장,현금결제,카드결제,화장실,무료 WIFI,흡연구역,편의점",,
604,605,연중무휴,,"평일 : 10:00 ~ 17:30 , 주말 : 10:00 ~ 17:30",,,,"공용주차장,현금결제,카드결제,화장실",,
605,606,,,,,,,"공용주차장,화장실,편의점,음료대,유도 및 안내시설",,
606,607,,,,,,,,,
607,608,,,,,,,,,
608,609,,,,,,,,,
609,610,,,,,,,,,
610,611,,,,,,,,,
611,612,정방폭포 주차장에 주차 후 이용,,"평일 : 09:00 ~ 18:00 , 주말 : 09:00 ~ 18:00",,,,화장실,,
612,613,"2만 원 (마그넷 2개 세트) , 5천 원 (나무 액자 추가) / 방문전 전화로 오픈 확인",,,"유료,2만 원(마그넷 2개 세트) / 5천 원(나무 액자 추가)",실내,"체험, 마그넷 만들기 원데이클래스","공용주차장,현금결제,카드결제,화장실",중,1~2시간
613,614,,,,,,,공용주차장,,
614,615,연중무휴/프로그램별로 이용시간이 상이하므로 홈페이지 및 전화 문의 바랍니다.,,,,,,,,
615,616,,,,,,,,,
616,617,연중무휴,,"평일 : 06:30 ~ 14:30 , 주말 : 06:30 ~ 14:30",,,,"공용주차장,현금결제,카드결제,화장실,무료 WIFI,흡연구역,편의점,음료대,유도 및 안내시설,경보 및 피난시설",,
617,618,,,,,,,,,
618,619,,,,,,,,,
619,620,"주차 : 정자가 보이는 곳 입구에 주차공간 있음, 소요시간: 왕복 약 70분 (난이도 中)/둘레길 탐방 약 60분 소요",,,,,,유도 및 안내시설,,
620,621,,,"평일 : 11:00 ~ 20:30 , 주말 : 11:00 ~ 20:30",,,,무료 WIFI,,
621,622,"계절별 이용 시간 다름 / 매월 세 번째 화요일(단, 동절기 휴장일은 두 번째, 네 번째 화요일)",,,,,,"공용주차장,현금결제,카드결제,화장실,무료 WIFI,흡연구역,편의점,음료대,유도 및 안내시설,경보 및 피난시설",,
622,623,,,,,,,화장실,,
623,624,연중 무휴 24시간 개방,,,,,,,,
624,625,,,"평일 : 09:00 ~ 17:00 , 주말 : 09:00 ~ 17:00",,,,"공용주차장,현금결제,카드결제,화장실,유도 및 안내시설,경보 및 피난시설",,
625,626,,,,,,,,,
626,627,2인부터 체험 가능 / 비용 : 5만원,,,"유료,Fee: 50,000 won",실내,"체험, 캔들만들기 원데이클래스","현금결제,카드결제,화장실",,2~3시간
627,628,,,"평일 : 10:00 ~ 18:00 , 주말 : 10:00 ~ 18:00","유료,자유이용권 종일 어른30,000원 아이40,000원 / 자유이용권 After 3 어른25,000원, 아이 35,000원 등",실내+실외,유아시설,,,
628,629,,,,,,,,,
629,630,,,,,,,,,
630,631,,,,,,,공용주차장,,
631,632,,,,,,,"공용주차장,유도 및 안내시설",,
632,633,,,,,,,,,
633,634,,,,,,,,,
634,635,,,,,,,,,
635,636,"특강 진행시 휴무 / 비용: 30,000원 / 패키지 키트만 구매시 : 15,000원",,"평일 : 11:00 ~ 17:00 , 주말 : 11:00 ~ 17:00","유료,비용: 30,000원 / 패키지 키트만 구매시 : 15,000원",실내,"체험, 프랑스자수 원데이클래스","현금결제,카드결제,화장실",,2~3시간
636,637,,,,,,,,,
637,638,,,,,,,,,
638,639,"주차장: (특정 가능한 주소 無) 카카오맵에 '바리메주차장'도착지로 검색시 이동가능, 소요시간: 왕복 1시간 난이도 中 (가파른 구간이 있음)",,,,,,화장실,,
639,640,,,,,,,"공용주차장,유도 및 안내시설",,
640,641,"단체석, 예약가능",,"평일 : 11:00 ~ 02:00 , 주말 : 11:00 ~ 02:00",유료,실내,,"무료 WIFI,공용주차장",,
641,642,,,,,,,,,
642,643,"오전 8시 30분부터 오전 1시까지 1시간 30분 간격으로 본선으로 들어가는 여객선이 운항하며, 주간 낚시체험은 오전 10시, 오후 1시, 오후4시. 야간 한치낚시체험은 오후 8시 30분에 진행됩니다. 본선 내에 있는 F&B는 오전 10부터 오후 7시, GOD'S BAR는 오후8시부터 오전 1시까지 운영합니다. =) 천재지변으로 인한 선박 운항 불가시엔 예약을 하셨더라도 숙박 및 체험이 불가하시며, 예약자의 경우 전액환불 처리 이외의 보상은 따로 이루어지지않는 점 양해부탁드립니다.",,"평일 : 10:00 ~ 23:30 , 주말 : 10:00 ~ 23:30","유료,25,000~170,000",실내+실외,"해양스포츠,체험, 숙박,낚시,식음","공용주차장,현금결제,카드결제,화장실,무료 WIFI,흡연구역,음료대,유도 및 안내시설,경보 및 피난시설",하,3시간 이상
643,644,,,,,,,,,
644,645,연중무휴,,,,,,,,
645,646,,,,,,,,,
646,647,126번길을 따라 가는 도로.,,,,,,,,
647,648,,,,,,,,,
648,649,연중무휴,,"평일 : 09:00 ~ 18:00 , 주말 : 09:00 ~ 18:00",,,,공용주차장,,
649,650,,,,,,,,,
650,651,,,,무료,실외,포토스팟,,,
651,652,,,,,,,,,
652,653,,,,,,,,,
653,654,,,,,,,,,
654,655,연중무휴,,,,,,"공용주차장,화장실,음료대,유도 및 안내시설",,
655,656,연중무휴,,,,,,,,
656,657,,,,,,,화장실,,
657,658,,,"평일 : 09:30 ~ 19:30 , 주말 : ~",,,,"무료 WIFI,공용주차장",,
658,659,이용시간과 휴무일은 계절과 기상에따라 다르므로 예약시 문의해주시길 바랍니다.,,,,,,"공용주차장,현금결제,카드결제,화장실,무료 WIFI,흡연구역,편의점,음료대,유도 및 안내시설,경보 및 피난시설",,
659,660,,,,,,,,,
660,661,"연중무휴/ 4~9월 10시~20시(입장마감 19시), 10월~3월 10시~19시(입장마감 18시)",,"평일 : 10:00 ~ 20:00 , 주말 : 10:00 ~ 20:00","유료,성인 15,000원, 청소년(만13세~18세) 12,000원, 아동(만3세~12세) 10,000원, 경로인, 장애인 8,000원",실내,공연/전시,"무료 WIFI,화장실",하,1~2시간
661,662,,,,,,,,,
662,663,,,,,,,"공용주차장,음료대,유도 및 안내시설,경보 및 피난시설",,
663,664,,,,,,,,,
664,665,,,,,,,,,
665,666,"점심시간 12:00 ~ 13:00 / 일요일, 공휴일 휴관 / 개인적으로 아이와 방문할 경우 체험관과 야외체험관 무료 이용가능하나 교육 프로그램은 이용 불가. 최소 20명 이상 단체만 교육 프로그램 이용 가능",,"평일 : 10:00 ~ 17:00 , 주말 : 10:00 ~ 17:00",,,,"공용주차장,화장실",,
666,667,,,,,,,,,
667,668,연중무휴/ 하절기 08:30~18:00,,"평일 : 09:00 ~ 17:30 , 주말 : 09:00 ~ 17:30",,,,"공용주차장,화장실,편의점,음료대,유도 및 안내시설",,
668,669,,,,,,,,,
669,670,,,,,,,,,
670,671,"월요일 09:00~18:00, 화~금요일 09:00~17:00, 토요일 09:00~13:00",,"평일 : 09:00 ~ 17:00 , 주말 : ~",,,,,,
671,672,,,,,,,유도 및 안내시설,,
672,673,비용: 8만 원 (2시간 패들보드+요가),,,"유료,2시간 패들보드 + 요가 -8만원",실외,"체험, 패들보드, 요가",,,1~2시간
673,674,,,,,,,,,
674,675,"소요시간 : 돈대산입구정류장~정상 편도 약 40분~1시간, 정상 정자 有, 화장실 無",,,,,,,,
675,676,,,,,,,,,
676,677,연중무휴,,,,,,,,
677,678,,,,,,,,,
678,679,"연중무휴 / 3월 ~ 10월(09:00 ~ 18:00), 11월 ~ 2월 (09:00 ~ 17:00)",,"평일 : 09:00 ~ 18:00 , 주말 : 09:00 ~ 18:00",,,,"공용주차장,현금결제,카드결제,화장실,음료대,유도 및 안내시설",,
679,680,,,,,,", 템플스테이",,,
680,681,,,,,,,,,
681,682,365일 연중 무휴,,,,,,"공용주차장,현금결제,카드결제,화장실,무료 WIFI,흡연구역,음료대,유도 및 안내시설,경보 및 피난시설",,
682,683,연중무휴,,,,,,,,
683,684,일요일 휴무,,"평일 : 10:00 ~ 17:00 , 주말 : 10:00 ~ 17:00",유료,,,,,
684,685,연중무휴,,,,,,,,
685,686,,,,,,,,,
686,687,[object Object],,,,,,,,
687,688,,,,,,,공용주차장,,
688,689,,,,,,,,,
689,690,,,,,,,,,
690,691,,,,무료,실외,"물놀이,기타, 낚시, 물놀이",,,
691,692,,,,,,,,,
692,693,연중무휴,,,,,,,,
693,694,체험 사전 예약 필수 / 비용 : 업체 문의 후 이용 가능,,,,,,,,
694,695,"토요일은 평일과 운영시간 같음/ 설날, 추석 당일 휴무.",,"평일 : 11:00 ~ 22:00 , 주말 : 11:00 ~ 21:00",,,,,,
695,696,,,,,,,,,
696,697,,,,,,,,,
697,698,,,,,,,,,
698,699,,,,,,,,,
699,700,연중무휴 *외부일정 있는경우 임시휴관,,,,,,공용주차장,,
700,701,,,,,,,,,
701,702,,,,,,,,,
702,703,,,,,,,,,
703,704,,,,,,,"공용주차장,현금결제,카드결제,화장실,무료 WIFI,흡연구역,음료대",,
704,705,,,,,,,,,
705,706,,,,,,,,,
706,707,,,,,,,,,
707,708,,,,,,,,,
708,709,,,,,,,,,
709,710,,,,,,,,,
710,711,,,,,,,공용주차장,,
711,712,연중무휴,,,,,,,,
712,713,이용시간은 사정에 따라 다르니 전화 및 홈페이지로 문의주시기 바랍니다.,,,,,,"공용주차장,현금결제,카드결제,화장실,무료 WIFI,흡연구역,음료대,유도 및 안내시설,경보 및 피난시설",,
713,714,,,,,,,,,
714,715,,,,,,,,,
715,716,"사전 예약 필수, 청귤청 만들기 : 10,000원 / 청귤 에이드 만들기 : 5,000원 / 한라봉, 청귤 잼 만들기 : 10,000원 / 감귤차, 감귤즙 소믈리에 : 5,000원",,,,,,,,
716,717,"연중무휴 / 우천 시 문의 후 방문, 영업시간 : 동절기 - 10:00~17:30 *16:30 입장마감 / 하절기 - 10:00~18:00 *17:00 입장마감",,"평일 : 10:00 ~ 17:30 , 주말 : 10:00 ~ 17:30","유료,* 24개월 이상 1인 10,000원, 단체 30인 이상 20% 할인",,,,,
717,718,,,,무료,실외,물놀이,,,
718,719,,,,,,,,,
719,720,,,,,,,,,
720,721,,,,,,,"공용주차장,화장실",,
721,722,,,,,,,,,
722,723,,,,,,,,,
723,724,,,,,,,공용주차장,,
724,725,,,,,,,,,
725,726,,,,,,,,,
726,727,,,,,,,,,
727,728,,,,,,,,,
728,729,,,,,,,,,
729,730,,,,,,,,,
730,731,연중무휴,,,,,,,,
731,732,휴무관련없음,,,,,,,,
732,733,"사전 예약 필수, 체험 내용 사전에 변경될 수 있으니 전화 확인 필수",,"평일 : 08:00 ~ 20:00 , 주말 : ~",,,,,,
733,734,,,,,,,,,
734,735,,,,,,,,,
735,736,휴무는 특별 공지,,"평일 : 08:00 ~ 19:00 , 주말 : 07:00 ~ 20:00","유료,Diving experience program 65,000 won",실내+실외,"해양스포츠,체험, PADI OWD ~ PADI IDC 까지 진행 가능","공용주차장,현금결제,카드결제,화장실,무료 WIFI,유도 및 안내시설",하,2~3시간
736,737,,,,,,,,,
737,738,,,,,,,,,
738,739,월요일 휴무,,"평일 : 09:00 ~ 18:00 , 주말 : 09:00 ~ 18:00",유료,,,"공용주차장,무료 WIFI,화장실",,
739,740,,,,,,,,,
740,741,,,,,,,,,
741,742,,,,,,,,,
742,743,,,,,,,,,
743,744,,,,,,,,,
744,745,,,,,,,,,
745,746,,,,,,,,,
746,747,,,,,,,,,
747,748,,,,무료,실외,"체험,물놀이, 바릇잡이",,하,1~2시간
748,749,,,,,,,,,
749,750,연중무휴,,,,,,,,
750,751,,,,,,,,,
751,752,,,,,,,,,
752,753,,,,,,,,,
753,754,,,,,,,,,
754,755,응급의료센터 24시간 운영,,"평일 : 09:00 ~ 18:00 , 주말 : ~",,,,,,
755,756,연중무휴,,,,,,,,
756,757,,,,,,,,,
757,758,,,,,,,,,
758,759,,,,,,,,,
759,760,연중무휴,,,,,,공용주차장,,
760,761,,,,,,,,,
761,762,,,,,,,,,
762,763,연중무휴,,,,,,공용주차장,,
763,764,15:00~19:00 체크인/ 체크아웃은 11:00까지.,,"평일 : 15:00 ~ 11:00 , 주말 : ~",,,,"공용주차장,현금결제,카드결제,화장실,편의점,유도 및 안내시설,경보 및 피난시설",,
764,765,,,,,,,,,
765,766,,,,,,,,,
766,767,,,"평일 : 10:00 ~ 19:00 , 주말 : 10:00 ~ 19:00","유료,20,000원 2시간대여 / 30,000원 3시간이상 종일대여",실외,"체험, 전동킥보드대여","공용주차장,현금결제,카드결제,화장실",하,2~3시간
767,768,,,,,,,,,
768,769,"계절에 따라 변경가능, 객실이용 24시간 / 연중무휴",,"평일 : 06:00 ~ 20:30 , 주말 : 06:00 ~ 20:30",,,,"공용주차장,현금결제,카드결제,화장실,무료 WIFI,흡연구역,편의점,음료대,유도 및 안내시설,경보 및 피난시설",,
769,770,신분증 지참,,"평일 : 09:00 ~ 18:00 , 주말 : 09:00 ~ 18:00","유료,성인 19,000원, 청소년 18,800원, 소인 9,500원, 경로인 14,400원, 장애 14,400d원",,,,,
770,771,,,,,,,,,
771,772,계절별 이용 시간 다름 '064-702-8400'으로 문의,,,,,,"공용주차장,현금결제,카드결제,화장실,무료 WIFI,흡연구역,편의점,음료대,유도 및 안내시설,경보 및 피난시설",,
772,773,,,"평일 : 09:00 ~ 18:00 , 주말 : 09:00 ~ 18:00",,,,"공용주차장,현금결제,카드결제,화장실,흡연구역,음료대",,
773,774,,,,,,,,,
774,775,,,,,,,"공용주차장,화장실",,
775,776,연중 무휴(기상악화나 업체사정에 의해 변경될 수 있습니다.) 사전 전화예약 필수. 이용시간 09:00 ~ 17:30. 휠체어나 유모차는 이용할 수 없습니다.,,"평일 : 09:00 ~ 17:30 , 주말 : 09:00 ~ 17:30","유료,성인 16,000 소인 13,000",실내+실외,"등산,해양스포츠,체험, 차귀도 둘레길 탐방, 차귀도 경치 유람","공용주차장,화장실,무료 WIFI,흡연구역,편의점,유도 및 안내시설",하,1~2시간
776,777,,,,,,,공용주차장,,
777,778,,,,,,,,,
778,779,휴무관련없음,,,,,,,,
779,780,,,,,,,,,
780,781,하계기간내 무휴. 운영시간 09:00 ~ 18:00,,"평일 : 09:00 ~ 18:00 , 주말 : 09:00 ~ 18:00","유료,패러세일링 54,000원 씨워킹 39,000원 제트스키 40,000원 스노쿨링 15,000원 바나나보트 15,000원 외",실외,"해양스포츠,체험,유아시설,물놀이, 해양레저","공용주차장,현금결제,카드결제,화장실,흡연구역,경보 및 피난시설",하,1시간 미만
781,782,,,,,,,,,
782,783,,,,무료,,,공용주차장,,
783,784,"방문 및 이용에는 사전예약 필요, 예배시간(매주 수요일 18:20, 일요일 10:40)에는 일반인 참여가능 / 내부관람 : 목사님 계시는 경우 요청 가능(약 30분)",,,,,,공용주차장,,
784,785,09:00 ~ 18:00,,"평일 : 09:00 ~ 18:00 , 주말 : ~",,,,,,
785,786,,,,,,,"공용주차장,현금결제,카드결제,화장실,무료 WIFI",,
786,787,,,,,,,공용주차장,,
787,788,,,,,,,화장실,,
788,789,,,,,,,,,
789,790,공연 일정 홈페이지 확인.,,,유료,,,,,
790,791,연중무휴,,,,,,,,
791,792,,,,,,,"공용주차장,화장실,음료대,유도 및 안내시설,경보 및 피난시설",,
792,793,,,,,,,,,
793,794,,,,,,,,,
794,795,연중무휴,,,,,,,,
795,796,,,,,,,,,
796,797,,,,무료,실외,"체험, 바릇잡이",,하,
797,798,,,,,,,,,
798,799,,,"평일 : 12:00 ~ 22:00 , 주말 : 12:00 ~ 22:00",유료,,,,,
799,800,"설, 추석 (연휴 포함)",,,,,,"공용주차장,화장실",,
800,801,,,,,,,,,
801,802,시간타임 : 오후 10시 / 오후 2시 (트레킹데이 : 오후 2시),,"평일 : 10:00 ~ 14:00 , 주말 : 10:00 ~ 14:00","유료,1인 2만원",실외,"체험, 내창트레킹",,상,1~2시간
802,803,연중무휴,,,,,,,,
803,804,,,,,,,,,
804,805,,,,,,,,,
805,806,,,,,,,,,
806,807,,,,,,,,,
807,808,,,,,,,,,
808,809,,,,,,,,,
809,810,연중무휴,,,,,,,,
810,811,,,,,,,,,
811,812,,,,"유료,쪽 천연 염색: 40,000원 ~ 50,000원 / 자연 염색: 40,000원 ~ 50,000원",,,,,
812,813,,,,,,,,,
813,814,,,,,,,,,
814,815,,,,,,,"음료대,유도 및 안내시설",,
815,816,,,,,,,"공용주차장,화장실",,
816,817,,,,,,,,,
817,818,,,,,,,공용주차장,,
818,819,,,,,,,,,
819,820,,,,,,,,,
820,821,,,,,,,,,
821,822,,,,,,,,,
822,823,,,,,,,,,
823,824,,,,,,,,,
824,825,,,,,,,,,
825,826,"이용시간 : 제한 없으나 일몰 전 이용 권장, 소요시간 : 탐방로 2.2km(왕복 30~40분 소요)",,,,,,"공용주차장,화장실",,
826,827,,,,,,,,,
827,828,,,,,,,,,
828,829,휴무관련없음,,,,,,,,
829,830,,,,,,,,,
830,831,"운영시간 : 레저체험 - 9:30~17:30(매표 마감 17시, 단 조기마감 있어 유선확인 필수), 카페 - 10:00 ~ 레저체험 마감 시간",,"평일 : 09:30 ~ 17:30 , 주말 : 09:30 ~ 17:30","유료,체험승마 10,000원, 먹이체험 2,000원, 카트 1인승 25,000원",실내+실외,,,,
831,832,연중무휴,,"평일 : 06:00 ~ 19:00 , 주말 : 06:00 ~ 19:00",,,,"공용주차장,현금결제,카드결제,화장실,무료 WIFI,흡연구역,편의점,음료대,유도 및 안내시설,경보 및 피난시설",,
832,833,,,,,,,,,
833,834,연중무휴,,,,,,,,
834,835,,,,,,,,,
835,836,"네비게이션 [큰바리메오름]으로 검색,큰바리메 주차장쪽에서 우측 약 50M 이동시 족은 바리메 안내판 확인 가능",,,,,,화장실,,
836,837,연중무휴,,,,,,공용주차장,,
837,838,,,,,,,유도 및 안내시설,,
838,839,"이용시간: (전시실) 10:00~18:00 (17:00 입장마감) *휴관: 매주 월, 법정공휴일, 재단개원일(4.25), 근로자의 날(5.1)",,"평일 : 10:00 ~ 18:00 , 주말 : 10:00 ~ 18:00",,,,,,
839,840,,,,,,,,,
840,841,"입장료 : 1,000원",,,"유료,목욕료 : 1,500원 / 도두물 수영장 : 어린이 -7,000원 , 성인 - 4,000원, 평일 단체할인 어린이 - 4,000원, 주말 단체할인 어린이 - 5,000원 (단체 : 30명 이상, 성인할인 없음)",실외,물놀이,,,1~2시간
841,842,,,,"무료,성수기 천막 대여 40,000원",실외,,,,
842,843,,,,,,,,,
843,844,,,,,,,,,
844,845,월요일 휴무,,"평일 : 09:00 ~ 17:00 , 주말 : 09:00 ~ 17:00",,,,,,
845,846,,,,,,,,,
846,847,,,,무료,실외,,공용주차장,,
847,848,,,,,,,,,
848,849,,,,,,,,,
849,850,,,,,,,,,
850,851,,,"평일 : 09:00 ~ 18:00 , 주말 : 09:00 ~ 16:00","유료,35개월이하 유아는 무료. 아동청소년 : 36개월 ~만18세 10,000원. 성인 : 15,000원. 1인당 1kg 바나나 무료제공",실내+실외,체험,공용주차장,하,1~2시간
851,852,연중무휴,,,,,,,,
852,853,,,,,,,,,
853,854,,,,,,,,,
854,855,,,,,,,,,
855,856,"주요체험 : 바릇하늘, 바릇봄(임산부전용케어), 바릇꽃, 부모님을 위한 효도프로그램",,,,,,,,
856,857,,,,,,,,,
857,858,연중무휴,,,,,,화장실,,
858,859,,,,,,,,,
859,860,,,,,,,,,
860,861,,,,,,,,,
861,862,"일요일 휴무 , 18:00 이후 방문 시 연락요망.",,"평일 : 11:00 ~ 18:00 , 주말 : 11:00 ~ 18:00",유료,,,,,
862,863,,,,,,,,,
863,864,,,,,,,"공용주차장,화장실",,
864,865,,,,,,,공용주차장,,
865,866,"08:00~16:00(04/01~10/31) 예약 신청, 취소, 변경은 유선 전화로만 가능합니다.",,"평일 : 08:00 ~ 18:00 , 주말 : 08:00 ~ 18:00",,,,"공용주차장,현금결제,카드결제,화장실,무료 WIFI,흡연구역,편의점,음료대,유도 및 안내시설,경보 및 피난시설",,
866,867,"주중(월~금)오후5시~오후9시/주말(토~일) 오전10시~오후6시 ※오전9시~오후5시까지는 학교도서관으로 운영되고 있어 외부인 이용 불가, 휴관일 : 매주 화요일, 설·추석 연휴, 운영 상 필요에 의한 날(홈페이지 참조)",,"평일 : 17:00 ~ 21:00 , 주말 : 10:00 ~ 18:00",,,,화장실,,
867,868,이용시간은 사정에 따라 다르니 전화 및 홈페이지로 문의주시기 바랍니다.,,,,,,"공용주차장,현금결제,카드결제,화장실,무료 WIFI,흡연구역,음료대,유도 및 안내시설,경보 및 피난시설",,
868,869,,,,,,,,,
869,870,,,,,,,,,
870,871,,,,,,,,,
871,872,"일요일, 월요일 휴관",,"평일 : 12:00 ~ 18:00 , 주말 : 12:00 ~ 18:00",무료,,,,,
872,873,,,,,,,,,
873,874,월~금요일 09:00~17:00 / 토요일 09:00~13:00 응급실 24시간 운영,,"평일 : 09:00 ~ 17:00 , 주말 : ~",,,,,,
874,875,,,,,,,,,
875,876,,,,,,,,,
876,877,,,,,,,,,
877,878,,,,,,,공용주차장,,
878,879,,,,,,,,,
879,880,,,,,,,,,
880,881,,,,,,,,,
881,882,,,,,,,,,
882,883,,,,,,,,,
883,884,,,,,,,,,
884,885,"토요일, 일요일",,"평일 : 09:00 ~ 18:00 , 주말 : ~",,,,공용주차장,,
885,886,,,,,,,,,
886,887,,,"평일 : 11:00 ~ 22:00 , 주말 : 11:00 ~ 22:00",,,,,,
887,888,,,,,,,,,
888,889,,,,,,,,,
889,890,,,,,,,공용주차장,,
890,891,,,,,,,,,
891,892,,,,,,,,,
892,893,,,,,,,,,
893,894,"이용시간 : 11:00 ~ 20:00 (입장마감 19:00) *매주 화요일 정기휴무, 36개월미만 무료",,"평일 : 11:00 ~ 20:00 , 주말 : 11:00 ~ 20:00","유료,주중입장권(인터넷예매가기준) 12,000원, 주말입장권(인터넷예매가기준, 공휴일포함) 14,000원, 주중 나이트사파리(17시 이후) 7,500원, 주말 나이트사파리(17시 이후, 공휴일포함) 9,500원, 주중 제주도민 입장권 10,000원, 주말 제주도민 입장권(공휴일포함) 12,000원, 정상 구매가 19,000원",실내,,,,
894,895,,,,,,,,,
895,896,,,,,,,,,
896,897,,,,,,,,,
897,898,,,,,,,,,
898,899,,,,,,,,,
899,900,,,,,,,,,
900,901,,,,,,,,,
901,902,"월~수요일 09:30~19:00 목요일 14:00~19:00 토,일요일 09:30~16:00 금요일, 공휴일 휴진",,"평일 : 09:30 ~ 19:00 , 주말 : 09:30 ~ 16:00",,,,,,
902,903,,,,,,,,,
903,904,,,,,,,,,
904,905,"토요일, 일요일 개방 안함",,,,,,화장실,,
905,906,,,,,,,,,
906,907,연중무휴,,,,,,,,
907,908,,,,,,,,,
908,909,월요일 휴무,,"평일 : 10:00 ~ 20:00 , 주말 : 10:00 ~ 18:00",,,,,,
909,910,점심시간 12:30~13:30 / 응급의료센터 24시간 운영,,"평일 : 08:30 ~ 17:20 , 주말 : ~",,,,,,
910,911,명절 및 일요일 휴무,,"평일 : 10:00 ~ 18:30 , 주말 : 10:00 ~ 18:30",무료,,,화장실,,
911,912,문의 : 개인 SNS DM / 비용 : 원데이클래스 7만 5천 원(1인 기준) / 각 7만 원 (2인) / 각 6만 5천 원 (3인),,,"유료,원데이클래스 : 7만 5천 원(1인 기준) / 각 7만 원 (2인) / 각 6만 5천 원 (3인)",실내,"체험, 스테인글라스 소품 만들기 (캔들 홀더 or 모빌)","공용주차장,현금결제",,1~2시간
912,913,,,,,,,,,
913,914,,,,,,,,,
914,915,,,,,,,,,
915,916,,,,,,,,,
916,917,,,,,,,,,
917,918,연중무휴,,,,,,"공용주차장,화장실",,
918,919,,,,,,,,,
919,920,,,,,,,,,
920,921,,,,,,,,,
921,922,,,,,,,,,
922,923,,,,,,,,,
923,924,,,,,,,,,
924,925,,,,,,,공용주차장,,
925,926,,,,,,,,,
926,927,,,,,,,,,
927,928,,,,,,,,,
928,929,,,,,,,,,
929,930,원데이클래스 2만 원 (한 종류 한 타임에 한해 가능),,,"유료,원데이클래스 2만 원 (한 종류 한 타임에 한해 가능)",,"체험, 플라잉요가, 메디컬 요가, 빈야사 요가, 테랍툴 요가, 하타요가","공용주차장,현금결제,카드결제,화장실",,1~2시간
930,931,연중무휴,,,,,,,,
931,932,,,,,,,,,
932,933,,,,,,,공용주차장,,
933,934,,,,,,,,,
934,935,,,,,,,,,
935,936,,,,,,,,,
936,937,,,,,,,,,
937,938,연중무휴,,,,,,,,
938,939,화요일,,"평일 : 07:00 ~ 22:00 , 주말 : 07:00 ~ 22:00",,,,"공용주차장,현금결제,카드결제,화장실,무료 WIFI,음료대,유도 및 안내시설,경보 및 피난시설",,
939,940,,,,,,,,,
940,941,,,,,,,,,
941,942,,,,,,,"공용주차장,음료대,유도 및 안내시설,경보 및 피난시설",,
942,943,,,,,,,,,
943,944,,,,,,,,,
944,945,,,,,,,,,
945,946,"이용시간 : 매주 화~일요일 09:00-18:00(입장마감 17:30) 휴무 : 매주 월요일, 법정공휴일 주차비, 입장료, 체험비 : 무료",,"평일 : 09:00 ~ 18:00 , 주말 : 09:00 ~ 18:00","무료,",실내+실외,"체험,공연/전시, 교육, 행사","공용주차장,화장실,무료 WIFI,유도 및 안내시설",하,1~2시간
946,947,"이용시간 : 09:00~17:00 까지 매회 30분 간격으로 운항, 연중 무휴(다만, 태풍등 기상조건에 따라 운항하지 않을 수 있음)",,"평일 : 09:00 ~ 17:00 , 주말 : 09:00 ~ 17:00","유료,성인 25,000원 / 어린이 20,000원",실외,"체험, 수중관람 및 요트체험","공용주차장,현금결제,카드결제,화장실,무료 WIFI",하,1시간 미만
947,948,,,,,,,,,
948,949,,,,,,,,,
949,950,이용 시간: 연중무휴 10:00~18:00 (입장 마감 17:00),,"평일 : 10:00 ~ 18:00 , 주말 : 10:00 ~ 18:00","유료,성인 15,000원, 어린이 8,000원,제주 도민 12,000원",실외,,,,
950,951,,,,,,,,,
951,952,"평일 09:00~18:30 토요일, 일요일 09:00~14:00 공휴일 휴진",,"평일 : 09:00 ~ 18:30 , 주말 : 09:00 ~ 14:00",,,,,,
952,953,,,,,,,,,
953,954,"01. 입소 시간은 투숙당일 08:00이며 퇴소시간은 18:00입니다. 02. 입소 기간은 숙박일수로 계산합니다. 03. 입소기간 중 객실은 회원 스스로 청결을 유지해야 합니다. 04. 2인실 이상 회원은 늦게 입소한 회원이 먼저 입소한 회원의 객실에 배정됩니다. 05. 회원들의 건강과 안전을 위해 프로그램을 사전공지 없이 변경, 연기, 취소할 수 있습니다. 06. 회원의 부주의로 다친 경우에는 본인의 책임이며 필요시 여행자 보험을 가입하기를 권합니다. 07. 캠프에서 제공되는 기본 물품외에는 본인이 직접 준비해야 합니다. 08. 도선료와 입장료는 개인부담입니다. 09. 공동생활 형태로 운영되므로 회원들은 기본적인 통제를 따라야 하며 회원간에 상호 존중해야 합니다.",,"평일 : 00:00 ~ 00:00 , 주말 : 00:00 ~ 00:00","유료,",실내+실외,,"공용주차장,현금결제,카드결제,화장실,무료 WIFI,흡연구역,편의점,음료대,유도 및 안내시설,경보 및 피난시설",중,3시간 이상
954,955,,,,,,,,,
955,956,,,,,,,,,
956,957,"이용시간 : 09:00~18:00, 연중 무휴",,"평일 : 09:00 ~ 18:00 , 주말 : 09:00 ~ 18:00","유료,성인8,000원 제주도민5,000원 어린이3,000원",실외,"등산,체험,유아시설,공연/전시","공용주차장,현금결제,카드결제,화장실,무료 WIFI,흡연구역,음료대,유도 및 안내시설",중,1~2시간
957,958,,,,,,,,,
958,959,"평일 08:30~18:00 (점심시간 13:00~14:00), 토요일/공휴일 08:30~13:00",,"평일 : 08:30 ~ 18:00 , 주말 : ~",,,,,,
959,960,평일 09:00~18:00 토요일 09:00~13:00,,"평일 : 09:00 ~ 18:00 , 주말 : 09:00 ~ 13:00",,,,,,
960,961,,,,,,,,,
961,962,"1부 : 9:40분, 2부 : 11시, 3부 : 14시 30분 연중무휴",,"평일 : 10:30 ~ 14:30 , 주말 : 10:30 ~ 14:30","유료,성인 20000, 청소년 18000, 소인 15000",실내,공연/전시,"공용주차장,현금결제,카드결제,화장실,무료 WIFI,흡연구역,편의점,유도 및 안내시설,경보 및 피난시설",중,1시간 미만
962,963,,,,,,,,,
963,964,"즐길거리 : 주민해설사와 함께하는 마라도 섬투어, 로컬푸드 식도락 등",,,,,,,,
964,965,,,,,,,,,
965,966,연중무휴,,,,,,,,
966,967,,,,,,,,,
967,968,,,,,,,,,
968,969,07:30~16:30,,"평일 : 07:30 ~ 16:30 , 주말 : ~",,,,,,
969,970,이용 시간: 09:00~17:00 (입장 마감 16:00),,,,,,,,
970,971,"주요체험 : 발 집중 풋앤캐프, 전신 스트레스릴리프, 두피/얼굴 케어",,,,,,,,
971,972,,,,,,,,,
972,973,,,,,,,,,
973,974,연중무휴,,,,,,공용주차장,,
974,975,,,"평일 : 09:30 ~ 18:00 , 주말 : 09:30 ~ 18:00","유료,1인 12,000원 / 24개월 미만 6,000원 / 18개월 미만 무료",,,,,
975,976,,,,,,,,,
976,977,,,"평일 : 10:00 ~ 17:00 , 주말 : 10:00 ~ 17:00",무료,,,,,
977,978,,,,,,,,,
978,979,,,,,,,,,
979,980,,,,,,,"공용주차장,화장실",,
980,981,,,,"유료,애견카페&실내외놀이터 5000원, 풀장+샤워실 1만원",,,,,
981,982,연중무휴,,,,,,,,
982,983,,,,,,,,,
983,984,"연중무휴 (12:00~20:00), 휴관일 : 설날 및 추석연휴 휴관",,"평일 : 12:00 ~ 18:00 , 주말 : 12:00 ~ 18:00",,,체험,화장실,,
984,985,,,,,,,,,
985,986,,,"평일 : 09:00 ~ 18:00 , 주말 : ~",,,,,,
986,987,,,"평일 : ~ 22:00 , 주말 : ~ 22:00",,,,화장실,,
987,988,,,,,,,,,
988,989,"평일 09:00~18:00 / 수,토요일 09:00~12:30",,,,,,,,
989,990,"주요체험 : 반신욕, 네추럴테라피, 헤이베스 스톤테라피",,,,,,,,
990,991,,,"평일 : 10:00 ~ 16:00 , 주말 : 10:00 ~ 16:00",무료,,,,,
991,992,,,,,,,,,
992,993,연중무휴,,,,,,,,
993,994,,,,무료,실외,"등산, 오름 오르기",,하,
994,995,,,,,,,,,
995,996,,,,무료,실외,캠핑,,,
996,997,"매일 09:00~18:00 (요금안내) 체험다이빙 : 8만원(특약사항은 별도) 자격증과정 : 개인상담 후 접수 (포함사항)다이빙 슈트 및 부츠 렌탈마스크와 스노클 장비 렌탈부력조절장치(BCD) 렌탈수중 자가 호흡장치(SCUBA) 렌탈압축공기 탱크 렌탈수중 사진 촬영샤워실 이용료   (전문 자격증 과정) ""오픈워터 → 어드밴스드 → 레스큐 → 마스터 → 강사"" ",,"평일 : 09:30 ~ 18:00 , 주말 : 09:30 ~ 18:00","유료,체험다이빙 : 8만원(특약사항은 별도) 자격증과정 : 개인상담 후 접수",실내+실외,"해양스포츠,체험, 스쿠버다이","현금결제,카드결제,화장실,무료 WIFI,음료대",하,2~3시간
997,998,,,,,,,,,
998,999,,,,,,,,,
999,1000,"월요일~금요일 오픈 10시 마감 17시, 예약으로 진행하고 있음. 주말은 반드시 예약 필요.",,"평일 : 10:00 ~ 17:00 , 주말 : 10:00 ~ 17:00","유료,50,000",실내,,"현금결제,카드결제,화장실,무료 WIFI,편의점,음료대",중,1~2시간
1000,1001,"일반 요가, 플라잉 요가, 기구 필라테스, 메디컬 요가",,,유료,,"체험, 요가, 기구 필라테스, 메디컬 요가","공용주차장,현금결제,카드결제,화장실",,1~2시간
1001,1002,,,,,,,,,
1002,1003,,,,,,,,,
1003,1004,"인터넷 사전예약 필수(당일예약 불가), 운영시간 : 화~일 09:00~18:00, 휴관일 : 매주 월, 설날·추석 연휴(단, 월요일이 공휴일인 경우에는 다음날 휴관), ※ 체험 세부운영 시간표는 홈페이지 안내 참고",,"평일 : 09:00 ~ 18:00 , 주말 : 09:00 ~ 18:00",무료,실내,,,,
1004,1005,,,,,,,,,
1005,1006,,,,,,,,,
1006,1007,,,,,,,,,
1007,1008,,,"평일 : 10:00 ~ 18:00 , 주말 : ~",,,,,,
1008,1009,,,,,,,,,
1009,1010,,,"평일 : 11:00 ~ 20:00 , 주말 : 11:00 ~ 20:00",유료,,,,,
1010,1011,,,,,,,,,
1011,1012,,,,,,,,,
1012,1013,,,,,,,,,
1013,1014,,,"평일 : 13:00 ~ 23:59 , 주말 : 13:00 ~ 23:59",유료,,,,,
1014,1015,,,"평일 : 10:00 ~ 22:00 , 주말 : 10:00 ~ 22:00",유료,실내,,,,
1015,1016,가격 : 3시간 6만원 (1시간 지상강습 및 안전교육 + 1시간 해양실습 + 1시간 자유서핑) 휴무없음 강습시간 매일 오전 10시 / 오후2시 강습진행,,"평일 : 10:00 ~ 18:00 , 주말 : 10:00 ~ 18:00","유료,60,000",실외,"해양스포츠, 서핑","공용주차장,현금결제,카드결제,화장실,무료 WIFI",중,2~3시간
1016,1017,,,,,,,,,
1017,1018,,,"평일 : 08:00 ~ 17:30 , 주말 : ~",,,,,,1시간 미만
1018,1019,,,,,,,,,
1019,1020,"월-금 11:00 ~ 16:30, 토-일 11:00~18:00(목요일 휴무)",,"평일 : 11:00 ~ 16:30 , 주말 : 11:00 ~ 18:00","유료,성인 4,500원 청소년,군인 3,000원 어린이,노인 1,500원 성인(제주도민) 3,000원 청소년,군인(제주도민) 2,000원 어린이,노인(제주도민) 1,000원 7세이하,장애인,국가유공자 무료",실내,,"공용주차장,현금결제,카드결제,화장실",하,1시간 미만
1020,1021,,,,,,,,,
1021,1022,,,,,,,,,
1022,1023,,,,,,,,,
1023,1024,"연중 : 09:00 ~ 17:00(휴일 : 구정. 추석 당일) ※ 감귤체험 : 매월 10월 중순 부터 다음해 구정 전까지 ※ 감귤체험 비용 : 1인 3,000원 (밭에서 드시는 제한 없는 시식비용 포함) ※ 수확해서 가지고 가는 경우 1Kg 3,000원씩 별도 비용 발생",,"평일 : 09:00 ~ 17:00 , 주말 : 09:00 ~ 17:00","유료,3000",실외,"체험, 감귤따기체험","현금결제,카드결제,화장실,무료 WIFI",하,1시간 미만
1024,1025,,,,,,,,,
1025,1026,,,,,,,,,
1026,1027,,,,,,,,,
1027,1028,,,,,,,,,
1028,1029,연중무휴 / 동절기: 09:30 ~ 18:00,,"평일 : 09:30 ~ 18:00 , 주말 : 09:30 ~ 18:00",유료,실외,,"공용주차장,현금결제,카드결제,화장실,흡연구역,유도 및 안내시설",,
1029,1030,,,,,,,,,
1030,1031,,,,,,,,,
1031,1032,,,,,,,,,
1032,1033,"화요잉ㄹ만 12시 오픈, 바이크 17:20분 접수마감, 비오거나 강풍시 전기바이크 대여불가",,"평일 : 10:00 ~ 18:30 , 주말 : 10:00 ~ 18:30","유료,전기바이크 1인 40분 10,000원, 전기바이크 2인승 60분 22,000원",실내+실외,"체험, 카페이용과 전기바이크로 지질트레일러 라이딩","공용주차장,현금결제,카드결제,화장실,무료 WIFI,흡연구역,음료대,유도 및 안내시설",중,1~2시간
1033,1034,,,,,,,,,
1034,1035,"물때에 따라 강습시간이 정해지며, 매일 강습가능한 시간이 상이함. 서핑강습은 총 3시간 진행되며 , 1시간30분(지상+수중강습) 1시간 30분(프리서핑) 으로 이뤄짐. 태풍 및 강습진행이 불가할정도의 기상악화 시 휴무.",,"평일 : 06:00 ~ 18:00 , 주말 : 06:00 ~ 18:00","유료,30,000 ~ 200,000",실외,,"공용주차장,현금결제,카드결제,화장실,무료 WIFI,흡연구역,편의점",중,2~3시간
1035,1036,,,"평일 : 09:00 ~ 17:30 , 주말 : 09:00 ~ 17:30",유료,실내+실외,,"공용주차장,현금결제,카드결제,화장실,무료 WIFI,편의점,음료대,유도 및 안내시설,경보 및 피난시설",,
1036,1037,,,,,,,,,
1037,1038,,,"평일 : 09:00 ~ 21:00 , 주말 : 09:00 ~ 21:00",무료,,,,,
1038,1039,,,,,,공연/전시,"공용주차장,현금결제,카드결제,화장실,흡연구역,유도 및 안내시설,경보 및 피난시설,엘리베이터",,
1039,1040,,,,,,,,,
1040,1041,"매주 일요일 휴무. 명절령휴에 휴무. 하절기(3~10월) 10:00~17:00, 동절기(11~2월) 10:00~16:00",,"평일 : 10:00 ~ 16:00 , 주말 : 10:00 ~ 16:00",,,,,,
1041,1042,,,,,,,,,
1042,1043,,,,,,,,,
1043,1044,"월 ~ 금 : 10:00, 11:00, 14:00, 16:00 (1일 4회 / 주말 및 공휴일 휴무)",,"평일 : 09:00 ~ 18:00 , 주말 : 00:00 ~ 00:00","무료,",실내+실외,,"공용주차장,화장실,유도 및 안내시설",하,1시간 미만
1044,1045,,,,,,,,,
1045,1046,,,,,,,,,
1046,1047,"연중 무휴, 운영시간 : 오전 9시 ~ 오후 9시",,"평일 : 09:00 ~ 21:00 , 주말 : 09:00 ~ 21:00","유료,족욕 7,000 / 족욕+다리,발마사지 15,000",실내,,"공용주차장,현금결제,카드결제,화장실,무료 WIFI",하,1시간 미만
1047,1048,,,,,,,,,
1048,1049,"정기휴무: 둘째, 넷째 일요일비정기휴무: 인스타그램 공지",,"평일 : 10:00 ~ 19:00 , 주말 : 10:00 ~ 19:00","유료,제품별 상이",실내+실외,"등산,캠핑,체험,물놀이, 촬영용 소품","현금결제,카드결제,화장실,무료 WIFI",하,3시간 이상
1049,1050,,,,,,,,,
1050,1051,매일 10:00 - 19:00,,"평일 : 10:00 ~ 19:00 , 주말 : 10:00 ~ 19:00","유료,이용료 3만원",실내,"체험, 드레스카페에서 사진찍고 놀기","공용주차장,현금결제,카드결제,화장실,무료 WIFI,음료대",하,2~3시간
1051,1052,,,,,,,,,
1052,1053,"OPEN 13:00 ~ 22:00, Break time 18:00 ~ 19:00, 월요일 휴무",,"평일 : 13:00 ~ 22:00 , 주말 : 13:00 ~ 22:00","유료,프로그램에 따라 상이함",실내,"체험, 공",,하,2~3시간
1053,1054,,,,,,,,,
1054,1055,"요금 : 성인 10,000원, 청소년 7,000원, 어린이 5,000원, 도민할인 20%",,"평일 : 09:00 ~ 18:00 , 주말 : 09:00 ~ 18:00","유료,성인 10,000원, 청소년 7,000원, 어린이 5,000원, 도민할인 20%",실내,,,,
1055,1056,월~토 09:00 ~ 20:00 일 09:00~18:00,,"평일 : 09:00 ~ 20:00 , 주말 : 09:00 ~ 18:00","유료,유선문의",실외,체험,"현금결제,카드결제,화장실",중,3시간 이상
1056,1057,,,,,,,,,
1057,1058,"영업시간 10:00~17:00 주의보,비가오거나 바람이 불면 승마불가",,"평일 : 10:00 ~ 17:00 , 주말 : 10:00 ~ 17:00","유료,10,000",실외,"체험, 달리는승마체험",현금결제,하,1시간 미만
1058,1059,,,,,,,,,
1059,1060,,,,,,,,,
1060,1061,,,,,,,,,
1061,1062,"월,화,목,금 : 09:00~21:00, 수 : 09:00~18:00, 토,일,공휴일 : 09:00~13:00, 명절당일 : 휴무, 야간 진료, 야간 입원, 주말 진료, 주말 입원, 24시간 예약상담가능",,"평일 : 09:00 ~ 21:00 , 주말 : 09:00 ~ 13:00","유료,",실내,,"공용주차장,현금결제,카드결제,화장실,무료 WIFI,흡연구역,음료대,유도 및 안내시설,경보 및 피난시설",,
1062,1063,,,"평일 : 00:00 ~ 00:00 , 주말 : 00:00 ~ 00:00",,,,,,
1063,1064,연중무휴/ 네이버 예약 가능,,"평일 : 10:00 ~ 20:00 , 주말 : 10:00 ~ 20:00","유료,윈드서핑 2시간(강습포함) 100,000원, 패들보드 1시간 30,000원,",실외,,"공용주차장,현금결제,카드결제,화장실,무료 WIFI,흡연구역",하,2~3시간
1064,1065,,,,유료,실내+실외,체험,"공용주차장,무료 WIFI",하,
1065,1066,,,,,,,,,
1066,1067,,,,,,,,,
1067,1068,,,,,,,,,
1068,1069,,,,,,,,,
1069,1070,매일 09:00~해질녁 기상 악화에 따른 영업을 할 수 없을 시 휴무 사전예약 필수,,"평일 : 09:00 ~ 18:00 , 주말 : 09:00 ~ 18:00","유료,",실외,,"공용주차장,현금결제,카드결제,흡연구역",하,1시간 미만
1070,1071,매일 08:00~19:00까지 운영중이며 연중무휴입니다. (투어 및 스케쥴변동이 있을 시 휴무가 발생할 수 있습니다.),,"평일 : 08:00 ~ 19:00 , 주말 : 08:00 ~ 19:00","유료,체험다이빙:100,000원",실내+실외,,"현금결제,카드결제,화장실,무료 WIFI,흡연구역,음료대,유도 및 안내시설,경보 및 피난시설",하,2~3시간
1071,1072,매주 화요일 휴무,,"평일 : 10:00 ~ 20:00 , 주말 : 10:00 ~ 20:00",,,,,,
1072,1073,"이용시간 : 09:00 ~ 19:00 (일몰시간에 따라 시간변동, 연중무휴)",,"평일 : 09:00 ~ 18:00 , 주말 : 09:00 ~ 18:00","유료,시즌 별 상이. 홈페이지 참조.",실내+실외,해양스포츠,"공용주차장,현금결제,카드결제,화장실,무료 WIFI,음료대",하,1~2시간
1073,1074,,,,,,,,,
1074,1075,,,,,,,,,
1075,1076,,,,,,,,,
1076,1077,,,"평일 : 00:00 ~ 00:00 , 주말 : 00:00 ~ 00:00",,,,,,
1077,1078,,,"평일 : 12:00 ~ 20:00 , 주말 : 12:00 ~ 20:00",무료,실내+실외,,,,
1078,1079,,,,,,,,,
1079,1080,"09:00 ~ 18:00, 주말 휴무(북라운지 운영 시간)",,"평일 : 09:00 ~ 18:00 , 주말 : ~",,,,,,
1080,1081,일/월 휴무,,"평일 : 10:30 ~ 19:00 , 주말 : ~",,,,,,
1081,1082,,,,,,,,,
1082,1083,,,,,,,,,
1083,1084,,,,,,,,,
1084,1085,* 월요일 정기휴일,,"평일 : 09:00 ~ 18:00 , 주말 : 09:00 ~ 18:00",,,,,,
1085,1086,"- 운영시간 : 09:30 ~ 18:00(입장마감 17:00) / 연중무휴 - 오시는 길 : 성산포항 -> 천진항 방향 도항선 탑승 -> 톨칸이 해변 방향, 도보 10분 이내 위치, 입장료 : 무료(~2022.12.31까지, 한국*오스트리아 수교 130주년 기념) / 자유이용권 : 15.000 원 (훈데르트바서 특별전 + 동화작가 전이수 전 + 소원체험 팩) / 패키지권 : 1.000 원 (훈데르트바서 특별전 + 동화작가 전이수 전) / 훈데르트바서 특별전 : 8.000 원 (전시명: 드림 투게더) / 소원체험팩 : 6.000 원 (각시물병, 소원엽서, 새싹연필)",,"평일 : 09:30 ~ 18:00 , 주말 : 09:30 ~ 18:00","유료,입장료 : 무료(~2022.12.31까지, 한국*오스트리아 수교 130주년 기념)",실내+실외,"공연/전시, 박물관 전시","공용주차장,현금결제,카드결제,화장실,무료 WIFI,편의점",하,1~2시간
1086,1087,수요일 일요일 영업시간 11시~19시,,,,,,공용주차장,,
1087,1088,🕙 운영시간: 10시~18시(입장마감:17시) 10월~2월/ 10시~19시(입장마감:18시) 3월~9월 *연중무휴,,"평일 : 10:00 ~ 18:00 , 주말 : 10:00 ~ 18:00","유료,",실내,,"공용주차장,화장실,무료 WIFI,경보 및 피난시설",하,1시간 미만
1088,1089,이용시간: 10:00 ~ 18:00(입장마감: 17:00),,"평일 : 10:00 ~ 18:00 , 주말 : 10:00 ~ 18:00",유료,,,,,
